timestamp_us,raw_mag,filtered,ax,ay,az
11068283,1.076,0.334,-0.222,0.933,0.488
11077957,1.078,0.497,-0.231,0.932,0.489
11088262,1.068,0.619,-0.201,0.927,0.49
11098315,1.055,0.705,-0.201,0.916,0.483
11108188,1.053,0.766,-0.202,0.914,0.484
11118179,1.035,0.804,-0.178,0.899,0.481
11128180,1.046,0.827,-0.2,0.909,0.478
11138180,1.043,0.838,-0.207,0.902,0.48
11148180,1.03,0.839,-0.2,0.903,0.455
11158180,1.046,0.833,-0.196,0.915,0.468
11168271,1.041,0.824,-0.19,0.913,0.462
11178323,1.051,0.81,-0.205,0.925,0.454
11188204,1.071,0.797,-0.203,0.946,0.46
11198180,1.06,0.781,-0.202,0.935,0.456
11208180,1.046,0.759,-0.173,0.926,0.455
11218180,1.038,0.735,-0.195,0.919,0.441
11228215,1.034,0.708,-0.193,0.915,0.441
11238179,1.033,0.681,-0.179,0.925,0.424
11248180,1.034,0.655,-0.203,0.921,0.423
11258180,1.034,0.63,-0.195,0.924,0.421
11268181,1.037,0.605,-0.189,0.924,0.431
11278315,1.051,0.584,-0.197,0.937,0.435
11288204,1.064,0.565,-0.214,0.946,0.437
11298180,1.067,0.548,-0.218,0.951,0.431
11308180,1.045,0.528,-0.208,0.933,0.422
11318180,1.036,0.505,-0.203,0.929,0.413
11328180,1.034,0.482,-0.198,0.927,0.413
11338956,1.04,0.461,-0.206,0.925,0.428
11348320,1.032,0.441,-0.192,0.917,0.432
11358204,1.028,0.42,-0.201,0.917,0.417
11368233,1.029,0.401,-0.2,0.92,0.417
11378184,1.03,0.382,-0.201,0.923,0.411
11388180,1.031,0.366,-0.185,0.925,0.417
11398315,1.032,0.35,-0.185,0.93,0.408
11408204,1.02,0.333,-0.187,0.906,0.428
11418180,1.001,0.315,-0.164,0.894,0.42
11428180,1.004,0.296,-0.166,0.897,0.418
11438180,0.999,0.279,-0.169,0.893,0.414
11448180,1.009,0.264,-0.169,0.904,0.415
11458180,0.999,0.25,-0.177,0.891,0.416
11468180,0.992,0.235,-0.181,0.886,0.407
11477805,1.018,0.224,-0.202,0.904,0.422
11488331,1.016,0.217,-0.193,0.904,0.422
11498204,1.017,0.209,-0.189,0.908,0.417
11508181,1.05,0.205,-0.197,0.944,0.414
11518180,1.054,0.205,-0.192,0.944,0.428
11528180,1.056,0.203,-0.19,0.946,0.429
11538315,1.048,0.2,-0.203,0.938,0.42
11548205,1.053,0.196,-0.202,0.945,0.418
11558181,1.041,0.19,-0.184,0.937,0.416
11568180,1.031,0.182,-0.179,0.934,0.398
11578181,1.035,0.173,-0.194,0.927,0.417
11588180,1.018,0.163,-0.178,0.92,0.398
11598180,1.046,0.156,-0.187,0.94,0.418
11608180,1.032,0.15,-0.186,0.925,0.417
11618180,1.013,0.141,-0.18,0.913,0.399
11628180,1.027,0.132,-0.179,0.93,0.398
11638180,1.023,0.126,-0.167,0.928,0.395
11648180,1.031,0.12,-0.172,0.932,0.406
11658180,1.029,0.115,-0.146,0.94,0.394
11668180,1.025,0.11,-0.157,0.937,0.386
11678181,1.024,0.104,-0.138,0.943,0.376
11688323,1.025,0.099,-0.126,0.939,0.39
11698204,1.026,0.095,-0.141,0.943,0.379
11708180,1.011,0.089,-0.136,0.932,0.369
11718180,1.01,0.082,-0.138,0.929,0.373
11728180,1.017,0.077,-0.128,0.936,0.378
11738315,1.008,0.072,-0.125,0.929,0.371
11748204,1.009,0.066,-0.125,0.936,0.355
11758181,1.003,0.061,-0.125,0.926,0.364
11768180,0.988,0.054,-0.125,0.921,0.335
11778240,1.002,0.048,-0.128,0.928,0.357
11788323,0.986,0.043,-0.127,0.914,0.348
11798204,0.978,0.036,-0.135,0.911,0.329
11808180,0.998,0.031,-0.13,0.933,0.329
11818181,1.0,0.03,-0.12,0.938,0.324
11828180,1.008,0.03,-0.135,0.943,0.329
11838181,1.01,0.031,-0.146,0.946,0.322
11848180,1.001,0.031,-0.147,0.935,0.325
11858180,0.981,0.027,-0.136,0.914,0.331
11868180,0.971,0.02,-0.131,0.91,0.313
11878180,0.961,0.013,-0.154,0.892,0.324
11888492,0.964,0.006,-0.158,0.889,0.339
11898204,0.964,0.001,-0.147,0.894,0.329
11908180,0.978,-0.001,-0.138,0.901,0.354
11918180,0.987,-0.0,-0.149,0.906,0.36
11928224,0.979,0.001,-0.143,0.894,0.375
11938180,0.965,-0.001,-0.135,0.878,0.378
11948180,0.943,-0.007,-0.139,0.849,0.385
11958180,0.929,-0.015,-0.15,0.83,0.39
11968180,0.921,-0.023,-0.169,0.805,0.415
11978180,0.942,-0.029,-0.223,0.812,0.424
11988224,0.969,-0.027,-0.247,0.835,0.425
11998323,1.03,-0.016,-0.302,0.858,0.484
12008204,1.099,0.008,-0.3,0.912,0.536
12018181,1.118,0.036,-0.306,0.936,0.531
12028180,1.144,0.063,-0.287,0.962,0.549
12038211,1.152,0.086,-0.302,0.968,0.545
12048315,1.149,0.105,-0.314,0.963,0.542
12058204,1.185,0.122,-0.328,0.997,0.551
12068180,1.231,0.143,-0.326,1.021,0.607
12078180,1.245,0.166,-0.32,1.033,0.618
12088180,1.287,0.188,-0.304,1.053,0.675
12098383,1.304,0.21,-0.308,1.058,0.697
12108208,1.303,0.228,-0.296,1.072,0.679
12118180,1.308,0.24,-0.313,1.084,0.661
12128181,1.316,0.249,-0.355,1.089,0.648
12138180,1.33,0.257,-0.38,1.115,0.617
12148180,1.353,0.265,-0.431,1.137,0.595
12158180,1.37,0.273,-0.453,1.139,0.612
12168180,1.375,0.28,-0.447,1.14,0.627
12178180,1.366,0.283,-0.456,1.123,0.63
12188506,1.336,0.278,-0.429,1.104,0.618
12198315,1.331,0.269,-0.417,1.104,0.616
12208204,1.354,0.261,-0.406,1.13,0.625
12218180,1.351,0.255,-0.384,1.121,0.65
12228180,1.359,0.249,-0.374,1.136,0.646
12238180,1.392,0.247,-0.381,1.155,0.678
12248180,1.444,0.254,-0.471,1.192,0.666
12258180,1.432,0.261,-0.507,1.178,0.638
12268180,1.394,0.259,-0.513,1.153,0.593
12278180,1.358,0.247,-0.509,1.127,0.56
12288180,1.335,0.229,-0.507,1.112,0.537
12298323,1.284,0.205,-0.483,1.063,0.533
12308204,1.213,0.171,-0.442,1.006,0.515
12318180,1.19,0.133,-0.426,0.971,0.539
12328180,1.172,0.097,-0.406,0.944,0.565
12338180,1.12,0.061,-0.373,0.906,0.544
12348259,1.097,0.025,-0.351,0.884,0.546
12358180,1.023,-0.015,-0.324,0.822,0.515
12368180,0.939,-0.063,-0.302,0.747,0.483
12378180,0.908,-0.113,-0.299,0.718,0.468
12388180,0.84,-0.162,-0.292,0.663,0.425
12398236,0.785,-0.213,-0.301,0.607,0.396
12408327,0.762,-0.259,-0.312,0.574,0.392
12418164,0.723,-0.3,-0.31,0.543,0.363
12428180,0.704,-0.335,-0.322,0.512,0.36
12438164,0.684,-0.365,-0.323,0.493,0.348
12449169,0.672,-0.388,-0.312,0.483,0.347
12458252,0.658,-0.406,-0.31,0.457,0.358
12468180,0.669,-0.418,-0.31,0.477,0.352
12478180,0.64,-0.425,-0.295,0.45,0.347
12488180,0.62,-0.433,-0.292,0.435,0.331
12497824,0.613,-0.438,-0.275,0.438,0.33
12508248,0.626,-0.439,-0.277,0.443,0.345
12518180,0.631,-0.433,-0.272,0.449,0.35
12528180,0.638,-0.424,-0.275,0.464,0.341
12538180,0.642,-0.413,-0.254,0.479,0.343
12548234,0.629,-0.402,-0.225,0.486,0.331
12558180,0.635,-0.391,-0.214,0.502,0.325
12568180,0.632,-0.379,-0.183,0.513,0.321
12578180,0.628,-0.367,-0.18,0.515,0.312
12588212,0.628,-0.356,-0.151,0.53,0.302
12598226,0.668,-0.339,-0.147,0.584,0.289
12608319,0.755,-0.31,-0.143,0.672,0.312
12618208,0.799,-0.27,-0.165,0.711,0.325
12628180,0.918,-0.219,-0.165,0.818,0.383
12638180,0.992,-0.155,-0.158,0.891,0.407
12648180,1.091,-0.086,-0.165,0.994,0.418
12658180,1.12,-0.017,-0.161,1.035,0.399
12668180,1.124,0.041,-0.154,1.058,0.349
12678180,1.103,0.083,-0.121,1.052,0.307
12688180,1.086,0.111,-0.076,1.046,0.282
12698180,1.088,0.13,-0.062,1.047,0.286
12708228,1.136,0.15,-0.066,1.093,0.302
12718180,1.189,0.175,-0.092,1.142,0.319
12728311,1.227,0.203,-0.071,1.185,0.312
12738208,1.304,0.236,-0.064,1.259,0.333
12748181,1.381,0.278,-0.062,1.336,0.345
12758180,1.458,0.325,-0.082,1.413,0.351
12768180,1.532,0.376,-0.141,1.483,0.357
12778350,1.596,0.428,-0.185,1.547,0.349
12788209,1.615,0.474,-0.195,1.567,0.341
12798180,1.603,0.507,-0.219,1.555,0.325
12808181,1.571,0.523,-0.212,1.529,0.288
12818180,1.555,0.527,-0.207,1.516,0.281
12828180,1.468,0.513,-0.2,1.429,0.268
12838180,1.371,0.478,-0.16,1.333,0.273
12848180,1.334,0.432,-0.154,1.293,0.29
12858180,1.232,0.378,-0.108,1.194,0.283
12868180,1.119,0.308,-0.094,1.08,0.275
12878180,1.102,0.237,-0.087,1.063,0.276
12888180,1.036,0.171,-0.102,0.996,0.266
12898180,1.007,0.108,-0.12,0.96,0.277
12908296,1.016,0.055,-0.142,0.965,0.283
12918312,0.999,0.014,-0.195,0.943,0.265
12928208,0.984,-0.023,-0.231,0.921,0.258
12938180,0.991,-0.051,-0.233,0.928,0.256
12948180,0.974,-0.074,-0.245,0.912,0.24
12958180,0.989,-0.092,-0.249,0.923,0.254
12968319,0.965,-0.106,-0.235,0.902,0.249
12978208,0.943,-0.121,-0.233,0.879,0.251
12988180,0.923,-0.136,-0.244,0.851,0.261
12998180,0.917,-0.15,-0.244,0.844,0.264
13009036,0.89,-0.163,-0.241,0.815,0.266
13018327,0.881,-0.176,-0.238,0.802,0.276
13028164,0.888,-0.185,-0.235,0.807,0.287
13038180,0.883,-0.19,-0.221,0.801,0.299
13048165,0.894,-0.192,-0.218,0.813,0.302
13058320,0.893,-0.191,-0.209,0.812,0.309
13068208,0.92,-0.185,-0.196,0.849,0.295
13078180,0.954,-0.173,-0.199,0.888,0.288
13088180,0.972,-0.156,-0.2,0.908,0.283
13098180,0.997,-0.137,-0.219,0.937,0.262
13108180,1.05,-0.112,-0.235,0.981,0.29
13118180,1.076,-0.084,-0.243,1.006,0.292
13128180,1.123,-0.052,-0.238,1.057,0.297
13138180,1.17,-0.017,-0.245,1.105,0.295
13148180,1.19,0.018,-0.252,1.125,0.296
13158180,1.231,0.052,-0.241,1.171,0.293
13168180,1.251,0.084,-0.226,1.192,0.303
13178180,1.246,0.111,-0.216,1.192,0.293
13188180,1.231,0.128,-0.199,1.179,0.296
13198180,1.301,0.147,-0.201,1.252,0.291
13208180,1.346,0.173,-0.207,1.299,0.282
13218980,1.46,0.21,-0.211,1.417,0.28
13228208,1.56,0.26,-0.177,1.521,0.298
13238180,1.58,0.311,-0.14,1.544,0.306
13248180,1.549,0.347,-0.092,1.506,0.35
13258180,1.442,0.356,-0.108,1.391,0.363
13268180,1.391,0.343,-0.112,1.337,0.367
13278180,1.238,0.307,-0.104,1.182,0.353
13288180,1.12,0.247,-0.105,1.067,0.325
13298180,1.068,0.179,-0.12,1.013,0.315
13308180,0.962,0.107,-0.154,0.907,0.281
13318261,0.908,0.032,-0.183,0.851,0.259
13328320,0.904,-0.032,-0.211,0.838,0.264
13338208,0.913,-0.082,-0.201,0.855,0.246
13348180,0.974,-0.111,-0.196,0.917,0.262
13358180,0.989,-0.125,-0.194,0.932,0.268
13368180,1.052,-0.126,-0.208,0.995,0.269
13378180,1.109,-0.112,-0.204,1.054,0.275
13388180,1.148,-0.09,-0.214,1.09,0.291
13398180,1.195,-0.062,-0.223,1.142,0.273
13408180,1.244,-0.029,-0.208,1.196,0.271
13418180,1.277,0.005,-0.213,1.225,0.292
13428311,1.288,0.037,-0.211,1.235,0.297
13438208,1.282,0.062,-0.215,1.225,0.312
13448180,1.282,0.081,-0.202,1.229,0.3
13458180,1.242,0.09,-0.213,1.194,0.267
13468180,1.205,0.087,-0.2,1.16,0.26
13478319,1.183,0.078,-0.198,1.138,0.257
13488208,1.125,0.062,-0.184,1.085,0.233
13498180,1.078,0.036,-0.157,1.044,0.215
13508180,1.059,0.009,-0.16,1.025,0.215
13518181,1.009,-0.02,-0.145,0.971,0.232
13528252,0.975,-0.052,-0.126,0.938,0.234
13538228,0.96,-0.081,-0.114,0.92,0.25
13548180,0.902,-0.112,-0.124,0.851,0.274
13558180,0.87,-0.145,-0.118,0.821,0.263
13568180,0.86,-0.174,-0.131,0.808,0.264
13578180,0.816,-0.201,-0.13,0.766,0.25
13588180,0.808,-0.226,-0.135,0.757,0.247
13598180,0.776,-0.249,-0.144,0.724,0.239
13608180,0.763,-0.269,-0.164,0.706,0.237
13618180,0.754,-0.286,-0.169,0.69,0.251
13628573,0.752,-0.297,-0.191,0.684,0.246
13638208,0.783,-0.301,-0.228,0.695,0.279
13648180,0.796,-0.296,-0.261,0.693,0.292
13658180,0.816,-0.286,-0.262,0.717,0.288
13668180,0.798,-0.276,-0.241,0.706,0.285
13678180,0.793,-0.269,-0.225,0.701,0.294
13688180,0.782,-0.262,-0.216,0.689,0.299
13698180,0.791,-0.256,-0.224,0.702,0.289
13708180,0.796,-0.247,-0.242,0.701,0.292
13718179,0.815,-0.236,-0.25,0.718,0.293
13728268,0.837,-0.22,-0.258,0.734,0.308
13738319,0.842,-0.204,-0.257,0.734,0.321
13748207,0.867,-0.186,-0.255,0.764,0.322
13758180,0.885,-0.166,-0.238,0.789,0.322
13768180,0.91,-0.144,-0.231,0.813,0.336
13778180,0.941,-0.12,-0.232,0.846,0.341
13788180,0.977,-0.092,-0.243,0.882,0.343
13798180,0.989,-0.065,-0.241,0.893,0.35
13808180,1.022,-0.038,-0.223,0.935,0.348
13818180,1.085,-0.006,-0.2,1.015,0.328
13828180,1.133,0.031,-0.189,1.067,0.33
13838311,1.207,0.073,-0.171,1.153,0.313
13848208,1.243,0.118,-0.146,1.195,0.312
13858181,1.239,0.155,-0.132,1.195,0.298
13868181,1.214,0.179,-0.111,1.168,0.311
13878180,1.182,0.19,-0.09,1.134,0.32
13888181,1.169,0.192,-0.085,1.12,0.324
13898180,1.147,0.188,-0.079,1.092,0.344
13908180,1.137,0.18,-0.084,1.075,0.362
13918180,1.131,0.171,-0.068,1.068,0.366
13928869,1.098,0.158,-0.038,1.031,0.376
13938320,1.089,0.142,-0.004,1.025,0.368
13948209,1.08,0.126,-0.003,1.021,0.355
13958180,1.087,0.113,-0.018,1.047,0.292
13968180,1.141,0.108,-0.074,1.112,0.243
13978180,1.167,0.113,-0.118,1.138,0.229
13987885,1.256,0.129,-0.161,1.227,0.212
13998208,1.329,0.158,-0.171,1.298,0.227
14008180,1.359,0.191,-0.163,1.326,0.248
14018180,1.364,0.219,-0.183,1.325,0.267
14028181,1.331,0.236,-0.203,1.285,0.283
14038244,1.273,0.237,-0.198,1.222,0.296
14048224,1.204,0.222,-0.204,1.142,0.322
14058180,1.122,0.191,-0.183,1.064,0.305
14068180,1.089,0.153,-0.191,1.029,0.302
14078180,1.01,0.11,-0.195,0.949,0.286
14088180,0.971,0.062,-0.186,0.908,0.289
14098180,0.958,0.018,-0.207,0.887,0.296
14108180,0.936,-0.019,-0.202,0.866,0.29
14118180,0.955,-0.049,-0.215,0.874,0.318
14128180,0.947,-0.07,-0.197,0.868,0.323
14138250,0.951,-0.086,-0.191,0.872,0.329
14148320,0.937,-0.099,-0.2,0.861,0.312
14158247,0.935,-0.111,-0.21,0.857,0.311
14168181,0.922,-0.12,-0.216,0.843,0.306
14178180,0.942,-0.126,-0.221,0.863,0.307
14188180,0.957,-0.125,-0.218,0.882,0.301
14198312,0.983,-0.119,-0.204,0.912,0.305
14208208,1.018,-0.107,-0.187,0.95,0.313
14218180,1.03,-0.091,-0.177,0.964,0.316
14228180,1.062,-0.073,-0.159,1.002,0.314
14238319,1.083,-0.053,-0.163,1.023,0.313
14248248,1.092,-0.033,-0.177,1.033,0.307
14258180,1.095,-0.016,-0.183,1.037,0.3
14268181,1.079,-0.005,-0.187,1.017,0.307
14278180,1.084,0.003,-0.206,1.018,0.312
14288311,1.098,0.012,-0.231,1.032,0.293
14297981,1.108,0.02,-0.229,1.041,0.301
14308184,1.108,0.028,-0.235,1.037,0.31
14318181,1.118,0.035,-0.242,1.046,0.313
14328180,1.143,0.045,-0.241,1.071,0.32
14338225,1.143,0.054,-0.236,1.072,0.318
14348320,1.15,0.062,-0.208,1.081,0.333
14358208,1.145,0.068,-0.169,1.082,0.337
14368181,1.129,0.069,-0.172,1.067,0.326
14378181,1.182,0.074,-0.21,1.115,0.331
14388181,1.333,0.1,-0.242,1.273,0.312
14398221,1.432,0.148,-0.249,1.373,0.325
14408180,1.564,0.209,-0.239,1.512,0.318
14418180,1.602,0.274,-0.191,1.553,0.343
14428180,1.561,0.322,-0.161,1.513,0.352
14438180,1.418,0.336,-0.142,1.363,0.363
14447785,1.325,0.318,-0.138,1.264,0.373
14458208,1.163,0.273,-0.149,1.091,0.375
14468181,1.051,0.205,-0.182,0.98,0.335
14478180,1.007,0.133,-0.193,0.93,0.335
14488180,1.005,0.071,-0.198,0.929,0.328
14498215,1.03,0.025,-0.184,0.958,0.33
14508180,1.053,-0.006,-0.188,0.985,0.319
14518180,1.129,-0.018,-0.19,1.063,0.329
14528180,1.178,-0.014,-0.176,1.12,0.321
14538180,1.209,-0.001,-0.182,1.157,0.302
14548220,1.248,0.016,-0.212,1.198,0.275
14558180,1.29,0.039,-0.244,1.238,0.267
14569113,1.342,0.067,-0.278,1.289,0.25
14578208,1.339,0.093,-0.286,1.282,0.257
14588181,1.31,0.109,-0.313,1.251,0.23
14598181,1.278,0.114,-0.318,1.214,0.24
14608181,1.203,0.105,-0.307,1.138,0.241
14618181,1.129,0.081,-0.263,1.071,0.242
14628180,1.092,0.048,-0.258,1.035,0.235
14638180,1.066,0.016,-0.21,1.018,0.237
14648181,1.025,-0.017,-0.221,0.975,0.227
14658332,1.006,-0.049,-0.199,0.959,0.23
14668208,0.951,-0.082,-0.177,0.908,0.221
14678180,0.918,-0.116,-0.144,0.882,0.209
14688181,0.887,-0.149,-0.113,0.853,0.215
14698180,0.855,-0.181,-0.097,0.823,0.209
14708224,0.817,-0.212,-0.099,0.784,0.208
14718180,0.802,-0.24,-0.077,0.772,0.204
14728180,0.804,-0.261,-0.102,0.758,0.249
14738180,0.802,-0.276,-0.119,0.753,0.248
14748415,0.798,-0.286,-0.128,0.75,0.242
14758319,0.78,-0.294,-0.111,0.734,0.237
14768208,0.773,-0.3,-0.106,0.727,0.242
14778180,0.737,-0.308,-0.107,0.69,0.235
14788181,0.717,-0.317,-0.122,0.663,0.245
14798180,0.708,-0.326,-0.155,0.65,0.234
14808181,0.722,-0.329,-0.173,0.659,0.237
14818180,0.72,-0.327,-0.197,0.646,0.25
14828180,0.743,-0.321,-0.197,0.667,0.261
14838180,0.754,-0.31,-0.19,0.685,0.25
14848180,0.771,-0.296,-0.215,0.697,0.25
14858180,0.801,-0.277,-0.22,0.723,0.267
14868311,0.812,-0.256,-0.231,0.732,0.267
14878208,0.842,-0.233,-0.217,0.765,0.277
14888180,0.878,-0.206,-0.209,0.791,0.317
14898180,0.903,-0.176,-0.176,0.82,0.335
14908180,0.93,-0.146,-0.17,0.844,0.352
14918180,0.968,-0.114,-0.171,0.887,0.35
14928180,0.964,-0.085,-0.162,0.891,0.333
14938180,0.955,-0.063,-0.135,0.896,0.304
14948180,1.004,-0.041,-0.126,0.952,0.295
14958266,1.066,-0.011,-0.132,1.021,0.274
14968336,1.218,0.036,-0.146,1.18,0.262
14978164,1.345,0.104,-0.146,1.306,0.288
14988180,1.405,0.177,-0.123,1.365,0.31
14998165,1.441,0.242,-0.084,1.394,0.354
15008180,1.432,0.294,0.003,1.374,0.404
15018164,1.418,0.33,0.046,1.351,0.43
15028180,1.372,0.348,0.061,1.302,0.426
15038164,1.262,0.342,-0.005,1.198,0.395
15048180,1.218,0.317,-0.007,1.157,0.379
15058165,1.12,0.279,-0.016,1.066,0.343
15068312,1.064,0.231,-0.041,1.004,0.35
15078208,1.061,0.185,-0.068,0.997,0.356
15088180,1.064,0.147,-0.111,1.005,0.33
15098180,1.105,0.122,-0.137,1.052,0.308
15108181,1.124,0.108,-0.151,1.071,0.303
15118180,1.173,0.104,-0.159,1.125,0.294
15128181,1.218,0.111,-0.168,1.173,0.283
15138181,1.24,0.123,-0.158,1.188,0.316
15148180,1.216,0.131,-0.135,1.167,0.315
15158212,1.17,0.128,-0.117,1.118,0.326
15168319,1.137,0.116,-0.112,1.085,0.319
15178208,1.095,0.098,-0.101,1.044,0.312
15188180,1.065,0.074,-0.096,1.01,0.322
15198180,1.046,0.05,-0.109,0.987,0.328
15208180,1.02,0.026,-0.084,0.964,0.32
15218312,1.006,0.002,-0.109,0.948,0.318
15228208,0.999,-0.018,-0.109,0.943,0.312
15238181,0.983,-0.036,-0.129,0.925,0.309
15248180,0.978,-0.053,-0.139,0.924,0.289
15258180,0.974,-0.066,-0.15,0.917,0.292
15268319,0.959,-0.078,-0.151,0.9,0.293
15278209,0.936,-0.091,-0.165,0.874,0.294
15288180,0.944,-0.102,-0.177,0.878,0.295
15298181,0.919,-0.111,-0.181,0.854,0.289
15308180,0.913,-0.121,-0.188,0.84,0.304
15318228,0.919,-0.128,-0.207,0.839,0.312
15328208,0.922,-0.132,-0.221,0.838,0.313
15338180,0.941,-0.131,-0.206,0.862,0.315
15348180,0.967,-0.124,-0.198,0.885,0.334
15358180,0.983,-0.113,-0.2,0.905,0.326
15368217,1.001,-0.099,-0.198,0.926,0.325
15378328,1.008,-0.085,-0.205,0.934,0.321
15388164,1.044,-0.069,-0.202,0.971,0.325
15398181,1.059,-0.05,-0.204,0.983,0.336
15408165,1.073,-0.032,-0.192,1.004,0.328
15418180,1.088,-0.014,-0.182,1.019,0.336
15428164,1.098,0.002,-0.179,1.026,0.345
15438180,1.105,0.017,-0.169,1.037,0.345
15448164,1.119,0.031,-0.171,1.048,0.352
15458180,1.118,0.043,-0.171,1.056,0.324
15468231,1.121,0.052,-0.178,1.056,0.333
15478319,1.095,0.056,-0.168,1.036,0.314
15488208,1.091,0.055,-0.189,1.034,0.294
15498180,1.128,0.058,-0.242,1.062,0.294
15508180,1.242,0.076,-0.312,1.171,0.269
15518228,1.337,0.114,-0.328,1.273,0.244
15528180,1.56,0.177,-0.38,1.494,0.239
15538180,1.767,0.274,-0.365,1.71,0.255
15548180,1.827,0.376,-0.339,1.776,0.259
15558180,1.844,0.461,-0.251,1.807,0.269
15568181,1.705,0.51,-0.185,1.668,0.301
15579216,1.61,0.517,-0.156,1.574,0.304
15588212,1.366,0.481,-0.162,1.322,0.304
15598181,1.158,0.398,-0.154,1.119,0.257
15608180,1.069,0.298,-0.154,1.029,0.245
15618180,0.93,0.192,-0.158,0.892,0.21
15628180,0.815,0.079,-0.148,0.781,0.181
15638180,0.795,-0.023,-0.146,0.765,0.159
15648180,0.832,-0.101,-0.143,0.804,0.158
15658180,0.958,-0.142,-0.154,0.932,0.162
15668180,1.022,-0.152,-0.177,0.995,0.154
15678371,1.126,-0.139,-0.217,1.092,0.167
15688212,1.146,-0.114,-0.235,1.11,0.16
15698180,1.163,-0.09,-0.256,1.124,0.159
15708180,1.152,-0.069,-0.273,1.109,0.147
15718180,1.143,-0.055,-0.272,1.1,0.151
15728072,1.144,-0.045,-0.277,1.1,0.15
15738212,1.133,-0.038,-0.274,1.091,0.134
15748180,1.133,-0.033,-0.271,1.091,0.142
15758180,1.112,-0.031,-0.237,1.078,0.137
15768180,1.075,-0.036,-0.181,1.05,0.145
15777962,1.051,-0.047,-0.149,1.027,0.17
15788212,1.039,-0.059,-0.13,1.016,0.172
15798180,0.982,-0.075,-0.144,0.955,0.181
15808180,0.924,-0.1,-0.125,0.895,0.192
15818180,0.908,-0.127,-0.13,0.879,0.187
15828228,0.885,-0.151,-0.164,0.846,0.202
15838180,0.884,-0.172,-0.205,0.836,0.199
15848180,0.889,-0.186,-0.227,0.834,0.206
15858180,0.878,-0.196,-0.239,0.826,0.182
15868180,0.836,-0.208,-0.229,0.786,0.17
15878262,0.84,-0.22,-0.236,0.784,0.185
15888307,0.806,-0.231,-0.233,0.751,0.178
15898212,0.814,-0.24,-0.234,0.756,0.192
15908180,0.804,-0.246,-0.229,0.748,0.187
15918181,0.806,-0.25,-0.229,0.746,0.203
15928180,0.807,-0.25,-0.208,0.751,0.21
15938316,0.823,-0.246,-0.202,0.766,0.225
15948211,0.799,-0.242,-0.185,0.741,0.236
15958180,0.801,-0.24,-0.167,0.748,0.234
15968180,0.802,-0.236,-0.178,0.743,0.244
15978180,0.807,-0.23,-0.178,0.753,0.228
15988308,0.802,-0.224,-0.165,0.744,0.249
15998212,0.812,-0.217,-0.189,0.745,0.263
16008180,0.813,-0.208,-0.196,0.75,0.245
16018180,0.854,-0.195,-0.206,0.792,0.246
16028180,0.861,-0.178,-0.209,0.802,0.233
16038180,0.904,-0.158,-0.223,0.838,0.254
16048180,0.926,-0.134,-0.233,0.853,0.275
16058180,0.965,-0.107,-0.234,0.886,0.303
16068180,1.0,-0.077,-0.262,0.919,0.294
16078180,1.033,-0.046,-0.254,0.962,0.276
16088316,1.057,-0.015,-0.245,0.986,0.292
16098212,1.135,0.021,-0.248,1.073,0.275
16108180,1.251,0.07,-0.27,1.193,0.26
16118180,1.298,0.126,-0.282,1.242,0.25
16128180,1.365,0.181,-0.263,1.309,0.282
16138180,1.335,0.227,-0.2,1.28,0.324
16148180,1.324,0.256,-0.161,1.263,0.363
16158180,1.245,0.266,-0.112,1.178,0.388
16168180,1.189,0.257,-0.094,1.12,0.387
16178180,1.15,0.237,-0.087,1.083,0.375
16188236,1.056,0.205,-0.105,0.997,0.332
16198327,0.977,0.159,-0.115,0.921,0.303
16208165,0.966,0.112,-0.155,0.904,0.302
16218180,0.939,0.07,-0.172,0.873,0.298
16228164,0.975,0.038,-0.189,0.9,0.324
16238180,1.003,0.02,-0.195,0.929,0.325
16248164,1.093,0.02,-0.246,1.011,0.334
16258180,1.139,0.034,-0.278,1.052,0.336
16268164,1.174,0.054,-0.294,1.087,0.329
16278180,1.205,0.077,-0.311,1.111,0.348
16288239,1.225,0.099,-0.287,1.138,0.349
16298316,1.235,0.119,-0.26,1.155,0.351
16308212,1.21,0.132,-0.192,1.143,0.346
16318180,1.161,0.133,-0.162,1.1,0.334
16328181,1.14,0.125,-0.171,1.075,0.337
16338180,1.096,0.11,-0.133,1.037,0.329
16348278,1.042,0.087,-0.073,0.977,0.356
16358180,1.032,0.061,-0.037,0.972,0.344
16368180,0.991,0.034,-0.049,0.932,0.333
16378180,1.005,0.011,-0.075,0.947,0.328
16388181,1.014,-0.005,-0.105,0.954,0.327
16398309,1.02,-0.016,-0.171,0.954,0.318
16408212,1.014,-0.024,-0.166,0.95,0.316
16418181,1.043,-0.027,-0.153,0.977,0.332
16428180,1.04,-0.027,-0.118,0.981,0.326
16438180,1.051,-0.025,-0.118,0.993,0.323
16448180,1.047,-0.023,-0.153,0.987,0.314
16458180,1.037,-0.023,-0.173,0.976,0.305
16468180,1.03,-0.025,-0.183,0.972,0.289
16478180,1.025,-0.027,-0.184,0.959,0.311
16488807,1.023,-0.029,-0.173,0.953,0.33
16498315,1.02,-0.032,-0.163,0.948,0.34
16508212,1.018,-0.033,-0.16,0.943,0.35
16518180,1.017,-0.035,-0.152,0.94,0.355
16528180,1.023,-0.036,-0.159,0.952,0.339
16538180,1.034,-0.034,-0.175,0.957,0.35
16548180,1.06,-0.028,-0.182,0.987,0.34
16558180,1.054,-0.021,-0.203,0.976,0.344
16568180,1.07,-0.014,-0.196,0.996,0.34
16578180,1.08,-0.006,-0.207,1.004,0.34
16588180,1.112,0.005,-0.2,1.045,0.324
16598329,1.136,0.02,-0.188,1.068,0.34
16608252,1.173,0.038,-0.171,1.116,0.317
16618181,1.166,0.056,-0.156,1.111,0.319
16628180,1.192,0.071,-0.152,1.137,0.324
16638180,1.208,0.086,-0.145,1.161,0.298
16648180,1.22,0.101,-0.161,1.179,0.272
16658242,1.311,0.123,-0.179,1.272,0.262
16668180,1.491,0.17,-0.186,1.451,0.288
16678180,1.613,0.239,-0.191,1.572,0.31
16688180,1.76,0.32,-0.208,1.722,0.303
16698259,1.723,0.393,-0.182,1.687,0.303
16708316,1.646,0.434,-0.151,1.615,0.281
16718212,1.454,0.432,-0.163,1.418,0.274
16728180,1.333,0.392,-0.229,1.293,0.228
16738180,1.296,0.34,-0.266,1.249,0.22
16748180,1.173,0.279,-0.285,1.123,0.189
16758181,1.046,0.202,-0.269,0.998,0.16
16768180,0.986,0.119,-0.273,0.934,0.16
16778180,0.9,0.038,-0.259,0.856,0.103
16788180,0.944,-0.031,-0.313,0.887,0.083
16798180,0.984,-0.074,-0.345,0.918,0.076
16808180,1.092,-0.09,-0.308,1.043,0.09
16818180,1.109,-0.088,-0.199,1.086,0.097
16828181,1.102,-0.085,-0.209,1.079,0.08
16838180,1.088,-0.084,-0.275,1.05,0.083
16848181,1.101,-0.083,-0.316,1.051,0.08
16858180,1.09,-0.081,-0.321,1.039,0.08
16868180,1.049,-0.084,-0.308,0.999,0.09
16878180,1.0,-0.097,-0.292,0.949,0.12
16888180,0.998,-0.111,-0.287,0.946,0.14
16898195,0.996,-0.122,-0.279,0.946,0.142
16908308,0.996,-0.13,-0.276,0.946,0.147
16918212,0.992,-0.135,-0.271,0.943,0.141
16928180,0.995,-0.138,-0.279,0.943,0.149
16938180,0.982,-0.141,-0.282,0.93,0.137
16948180,0.965,-0.145,-0.272,0.915,0.144
16958180,0.953,-0.15,-0.274,0.904,0.125
16968180,0.938,-0.156,-0.301,0.878,0.133
16978180,0.933,-0.162,-0.293,0.876,0.127
16988180,0.918,-0.167,-0.318,0.853,0.114
16998181,0.89,-0.175,-0.335,0.812,0.137
17008992,0.891,-0.183,-0.342,0.811,0.143
17018204,0.881,-0.188,-0.321,0.811,0.122
17028180,0.867,-0.193,-0.305,0.8,0.14
17038180,0.864,-0.198,-0.292,0.802,0.137
17048180,0.867,-0.2,-0.292,0.804,0.138
17058180,0.857,-0.201,-0.278,0.796,0.153
17068180,0.838,-0.203,-0.264,0.778,0.163
17078180,0.83,-0.206,-0.238,0.777,0.169
17088180,0.836,-0.207,-0.208,0.78,0.215
17098180,0.84,-0.205,-0.217,0.782,0.218
17108197,0.861,-0.199,-0.227,0.794,0.243
17118315,0.881,-0.188,-0.225,0.82,0.231
17128205,0.885,-0.176,-0.217,0.828,0.226
17138181,0.885,-0.164,-0.224,0.824,0.232
17148181,0.892,-0.153,-0.199,0.837,0.236
17158180,0.918,-0.14,-0.208,0.858,0.25
17168266,0.951,-0.122,-0.227,0.887,0.258
17178180,0.97,-0.101,-0.231,0.905,0.262
17188180,0.975,-0.081,-0.229,0.908,0.273
17198180,0.963,-0.066,-0.221,0.893,0.284
17208181,0.957,-0.056,-0.193,0.893,0.284
17217773,0.944,-0.049,-0.19,0.879,0.287
17228200,1.021,-0.037,-0.212,0.956,0.29
17238180,1.172,-0.001,-0.208,1.124,0.261
17248180,1.277,0.055,-0.229,1.23,0.256
17258181,1.474,0.132,-0.265,1.426,0.262
17268181,1.564,0.223,-0.273,1.514,0.282
17278180,1.567,0.302,-0.268,1.516,0.291
17288180,1.448,0.348,-0.231,1.389,0.335
17298180,1.251,0.346,-0.161,1.175,0.397
17308428,1.17,0.31,-0.113,1.085,0.424
17318320,1.049,0.257,-0.03,0.966,0.409
17328200,1.012,0.196,-0.005,0.932,0.394
17338180,0.903,0.131,-0.013,0.836,0.342
17348181,0.786,0.054,-0.026,0.731,0.288
17358180,0.738,-0.024,-0.02,0.676,0.296
17368180,0.719,-0.093,0.011,0.656,0.294
17378180,0.791,-0.139,0.016,0.725,0.316
17388180,0.865,-0.157,-0.002,0.795,0.34
17398180,0.982,-0.149,-0.054,0.915,0.354
17408180,1.09,-0.116,-0.098,1.025,0.356
17417954,1.104,-0.076,-0.13,1.042,0.34
17428200,1.126,-0.04,-0.147,1.062,0.347
17438180,1.129,-0.009,-0.177,1.061,0.343
17448181,1.108,0.013,-0.188,1.035,0.347
17458228,1.079,0.024,-0.175,1.002,0.358
17468207,1.068,0.028,-0.146,0.993,0.366
17478180,1.068,0.03,-0.12,0.996,0.368
17488180,1.093,0.034,-0.061,1.02,0.387
17498180,1.077,0.038,-0.04,1.003,0.39
17508180,1.062,0.037,-0.015,0.993,0.377
17518181,1.027,0.03,-0.015,0.953,0.383
17528319,1.004,0.018,-0.052,0.938,0.355
17538248,0.993,0.005,-0.069,0.921,0.364
17548181,0.988,-0.007,-0.09,0.916,0.36
17558180,0.996,-0.016,-0.109,0.926,0.35
17568180,1.006,-0.021,-0.104,0.933,0.361
17578181,1.018,-0.022,-0.128,0.946,0.354
17588180,1.016,-0.021,-0.15,0.947,0.337
17598181,1.007,-0.022,-0.151,0.939,0.33
17608180,1.011,-0.023,-0.171,0.946,0.312
17618223,1.013,-0.023,-0.156,0.954,0.303
17628320,1.032,-0.02,-0.142,0.975,0.305
17638208,1.055,-0.013,-0.122,1.002,0.306
17648181,1.077,-0.003,-0.102,1.025,0.315
17658180,1.103,0.011,-0.098,1.053,0.312
17668228,1.113,0.025,-0.107,1.061,0.32
17678180,1.097,0.036,-0.122,1.041,0.324
17688180,1.089,0.041,-0.137,1.028,0.332
17698180,1.083,0.043,-0.167,1.024,0.311
17708180,1.071,0.042,-0.19,1.007,0.311
17718230,1.086,0.041,-0.188,1.023,0.312
17728350,1.097,0.044,-0.204,1.035,0.303
17738201,1.093,0.046,-0.213,1.031,0.294
17748180,1.09,0.046,-0.216,1.027,0.294
17758180,1.096,0.046,-0.221,1.037,0.277
17768180,1.092,0.047,-0.212,1.036,0.272
17778222,1.099,0.047,-0.201,1.044,0.277
17788180,1.083,0.045,-0.202,1.031,0.263
17798180,1.075,0.041,-0.195,1.022,0.272
17808180,1.066,0.036,-0.206,1.015,0.253
17818180,1.125,0.037,-0.239,1.073,0.24
17828327,1.291,0.063,-0.278,1.236,0.249
17838201,1.377,0.111,-0.277,1.327,0.241
17848180,1.519,0.172,-0.246,1.475,0.264
17858180,1.547,0.238,-0.184,1.509,0.288
17868180,1.51,0.286,-0.141,1.478,0.277
17878229,1.327,0.296,-0.146,1.286,0.292
17888180,1.207,0.268,-0.19,1.161,0.272
17898180,1.167,0.226,-0.216,1.119,0.25
17908180,1.178,0.188,-0.23,1.133,0.225
17918180,1.282,0.171,-0.231,1.248,0.187
17929324,1.337,0.173,-0.219,1.309,0.169
17938328,1.34,0.18,-0.194,1.318,0.137
17948165,1.283,0.178,-0.164,1.262,0.163
17958180,1.242,0.165,-0.168,1.22,0.16
17968165,1.155,0.138,-0.167,1.132,0.161
17978180,1.1,0.101,-0.179,1.071,0.177
17988164,1.073,0.062,-0.167,1.046,0.171
17998180,1.041,0.024,-0.197,1.008,0.169
18008165,0.992,-0.014,-0.163,0.962,0.181
18018180,0.984,-0.05,-0.159,0.956,0.17
18028238,0.973,-0.08,-0.142,0.949,0.165
18038327,0.952,-0.106,-0.15,0.925,0.167
18048200,0.942,-0.129,-0.149,0.916,0.165
18058181,0.942,-0.146,-0.157,0.917,0.146
18068180,0.96,-0.157,-0.166,0.936,0.137
18078180,0.965,-0.161,-0.169,0.94,0.14
18088181,0.981,-0.161,-0.178,0.954,0.147
18098180,0.981,-0.158,-0.184,0.95,0.162
18108180,0.993,-0.153,-0.184,0.961,0.167
18118180,0.996,-0.146,-0.196,0.962,0.167
18128180,1.001,-0.139,-0.205,0.961,0.19
18138320,1.009,-0.13,-0.206,0.968,0.196
18148200,0.991,-0.124,-0.193,0.948,0.216
18158180,0.956,-0.124,-0.167,0.915,0.224
18168181,0.926,-0.13,-0.151,0.883,0.234
18178180,0.885,-0.142,-0.136,0.841,0.241
18188181,0.849,-0.159,-0.148,0.808,0.216
18198181,0.85,-0.175,-0.149,0.81,0.208
18208180,0.829,-0.188,-0.149,0.789,0.209
18218180,0.83,-0.198,-0.149,0.789,0.21
18228180,0.815,-0.207,-0.163,0.771,0.208
18238180,0.799,-0.215,-0.172,0.75,0.212
18248327,0.811,-0.22,-0.185,0.755,0.231
18258200,0.815,-0.221,-0.191,0.756,0.237
18268181,0.83,-0.217,-0.206,0.768,0.241
18278180,0.836,-0.211,-0.185,0.782,0.228
18288181,0.874,-0.199,-0.17,0.817,0.258
18298181,0.896,-0.181,-0.166,0.844,0.249
18308180,0.915,-0.162,-0.162,0.866,0.249
18318180,0.934,-0.141,-0.166,0.886,0.245
18328180,0.958,-0.119,-0.147,0.913,0.248
18337732,0.977,-0.096,-0.157,0.932,0.247
18348315,0.994,-0.074,-0.152,0.947,0.261
18358327,1.009,-0.052,-0.15,0.962,0.264
18368200,1.004,-0.034,-0.16,0.954,0.269
18378180,0.995,-0.021,-0.177,0.943,0.264
18388180,0.977,-0.013,-0.194,0.921,0.262
18398180,0.968,-0.011,-0.184,0.913,0.265
18408232,0.982,-0.008,-0.174,0.93,0.262
18418180,1.061,0.005,-0.199,1.014,0.241
18428180,1.13,0.031,-0.208,1.089,0.217
18438267,1.325,0.081,-0.223,1.293,0.184
18448327,1.466,0.156,-0.213,1.44,0.166
18458200,1.491,0.232,-0.199,1.469,0.166
18468180,1.417,0.284,-0.172,1.395,0.18
18478180,1.257,0.295,-0.177,1.222,0.235
18488181,1.194,0.277,-0.171,1.154,0.253
18498180,1.165,0.25,-0.14,1.117,0.303
18508180,1.191,0.227,-0.122,1.146,0.297
18518180,1.171,0.208,-0.114,1.131,0.28
18528180,1.07,0.178,-0.085,1.04,0.241
18538180,0.95,0.129,-0.077,0.923,0.212
18548319,0.905,0.071,-0.102,0.876,0.203
18558200,0.879,0.018,-0.158,0.843,0.195
18568180,0.93,-0.021,-0.21,0.884,0.198
18578181,0.975,-0.04,-0.21,0.935,0.184
18588180,1.08,-0.038,-0.258,1.032,0.182
18598180,1.155,-0.016,-0.298,1.1,0.19
18608180,1.183,0.013,-0.31,1.125,0.194
18618180,1.191,0.04,-0.32,1.13,0.2
18628180,1.18,0.059,-0.283,1.127,0.208
18638180,1.162,0.071,-0.25,1.114,0.214
18648339,1.082,0.069,-0.178,1.042,0.229
18658200,1.035,0.052,-0.131,0.994,0.254
18668180,1.023,0.032,-0.104,0.987,0.247
18678181,0.998,0.012,-0.098,0.968,0.224
18688180,0.998,-0.006,-0.083,0.972,0.214
18698193,0.988,-0.022,-0.083,0.962,0.208
18708180,0.949,-0.039,-0.111,0.921,0.199
18718180,0.917,-0.06,-0.156,0.873,0.237
18728180,0.918,-0.079,-0.171,0.873,0.228
18738180,0.898,-0.096,-0.201,0.844,0.232
18749280,0.9,-0.11,-0.226,0.839,0.233
18758200,0.915,-0.118,-0.229,0.855,0.23
18768180,0.916,-0.122,-0.25,0.846,0.249
18778180,0.908,-0.124,-0.232,0.842,0.249
18788180,0.899,-0.127,-0.226,0.834,0.249
18798180,0.893,-0.13,-0.165,0.84,0.254
18808180,0.888,-0.132,-0.133,0.844,0.244
18818180,0.904,-0.132,-0.129,0.856,0.261
18828181,0.938,-0.125,-0.138,0.89,0.262
18838180,0.958,-0.113,-0.166,0.907,0.258
18848269,0.957,-0.1,-0.167,0.905,0.263
18858248,0.962,-0.089,-0.172,0.906,0.274
18868359,0.982,-0.077,-0.198,0.922,0.272
18878240,1.006,-0.062,-0.214,0.945,0.271
18888190,1.02,-0.046,-0.236,0.955,0.269
18898232,1.079,-0.024,-0.225,1.013,0.295
18908207,1.091,0.0,-0.216,1.029,0.291
18918188,1.125,0.024,-0.188,1.066,0.305
18928180,1.124,0.047,-0.192,1.068,0.294
18938180,1.118,0.063,-0.18,1.071,0.269
18948180,1.13,0.076,-0.206,1.086,0.231
18958180,1.135,0.087,-0.238,1.088,0.218
18967541,1.147,0.097,-0.243,1.1,0.214
18978240,1.134,0.103,-0.245,1.085,0.222
18988212,1.11,0.104,-0.222,1.06,0.248
18998180,1.079,0.097,-0.218,1.028,0.242
19008180,1.092,0.089,-0.221,1.043,0.238
19018180,1.28,0.104,-0.271,1.229,0.233
19028180,1.414,0.152,-0.304,1.354,0.271
19038180,1.645,0.228,-0.324,1.581,0.316
19048625,1.676,0.315,-0.287,1.615,0.344
19058180,1.6,0.375,-0.247,1.542,0.347
19068180,1.351,0.382,-0.17,1.29,0.365
19078180,1.173,0.337,-0.171,1.105,0.355
19088180,1.129,0.274,-0.193,1.056,0.35
19098180,1.098,0.215,-0.223,1.028,0.316
19108343,1.101,0.164,-0.227,1.033,0.306
19118180,1.073,0.12,-0.201,1.014,0.286
19128180,1.048,0.079,-0.116,0.998,0.299
19138180,1.021,0.041,-0.062,0.979,0.282
19148220,1.026,0.009,-0.064,0.975,0.313
19158180,1.063,-0.011,-0.094,1.009,0.32
19168228,1.096,-0.019,-0.166,1.033,0.326
19178212,1.093,-0.022,-0.177,1.031,0.317
19188212,1.084,-0.025,-0.187,1.031,0.277
19198208,1.093,-0.027,-0.167,1.04,0.29
19208180,1.144,-0.022,-0.12,1.108,0.259
19218180,1.193,-0.007,-0.087,1.161,0.261
19228180,1.225,0.014,-0.109,1.192,0.258
19238180,1.28,0.04,-0.119,1.244,0.275
19248180,1.282,0.067,-0.113,1.249,0.267
19258414,1.259,0.084,-0.101,1.226,0.27
19268239,1.209,0.089,-0.08,1.173,0.278
19278180,1.171,0.082,-0.088,1.139,0.258
19288180,1.16,0.07,-0.109,1.126,0.255
19298180,1.138,0.057,-0.15,1.101,0.245
19308180,1.112,0.041,-0.176,1.069,0.248
19318180,1.094,0.023,-0.169,1.052,0.246
19328180,1.079,0.006,-0.167,1.038,0.244
19338180,1.033,-0.015,-0.17,0.984,0.266
19348180,1.019,-0.037,-0.168,0.969,0.266
19358181,0.997,-0.059,-0.207,0.927,0.302
19368180,0.99,-0.078,-0.214,0.915,0.312
19378208,0.993,-0.093,-0.232,0.904,0.339
19388184,0.969,-0.106,-0.218,0.889,0.317
19398180,0.946,-0.12,-0.201,0.88,0.284
19408180,0.935,-0.134,-0.185,0.872,0.283
19418180,0.893,-0.15,-0.154,0.835,0.277
19428180,0.891,-0.166,-0.164,0.831,0.278
19438180,0.877,-0.179,-0.161,0.815,0.28
19448180,0.872,-0.19,-0.167,0.812,0.27
19458730,0.867,-0.198,-0.173,0.796,0.296
19468268,0.862,-0.204,-0.168,0.796,0.283
19478300,0.838,-0.21,-0.153,0.765,0.307
19488185,0.8,-0.22,-0.131,0.731,0.295
19498180,0.804,-0.23,-0.136,0.727,0.317
19508180,0.78,-0.238,-0.149,0.703,0.303
19518180,0.78,-0.245,-0.153,0.696,0.318
19528180,0.783,-0.248,-0.148,0.7,0.319
19538180,0.791,-0.247,-0.171,0.697,0.332
19548180,0.809,-0.242,-0.172,0.703,0.362
19558180,0.818,-0.233,-0.177,0.707,0.373
19568180,0.825,-0.222,-0.194,0.716,0.36
19578180,0.833,-0.21,-0.208,0.728,0.346
19588180,0.837,-0.198,-0.192,0.738,0.344
19598180,0.902,-0.179,-0.215,0.804,0.347
19608180,0.989,-0.146,-0.248,0.888,0.358
19618180,1.055,-0.102,-0.275,0.953,0.36
19628180,1.129,-0.052,-0.3,1.04,0.322
19638180,1.211,0.005,-0.334,1.128,0.289
19648180,1.252,0.063,-0.328,1.176,0.274
19658180,1.316,0.12,-0.354,1.235,0.284
19668180,1.249,0.162,-0.34,1.157,0.325
19678447,1.216,0.183,-0.315,1.124,0.339
19688180,1.068,0.177,-0.294,0.975,0.324
19698180,0.938,0.139,-0.228,0.85,0.325
19708180,0.926,0.094,-0.196,0.832,0.357
19718180,0.883,0.051,-0.159,0.805,0.327
19728180,0.916,0.017,-0.119,0.86,0.292
19738180,0.963,-0.001,-0.125,0.916,0.271
19748180,1.068,0.002,-0.148,1.023,0.265
19758180,1.168,0.027,-0.197,1.122,0.258
19768181,1.217,0.064,-0.212,1.169,0.263
19778187,1.311,0.107,-0.249,1.256,0.281
19788180,1.363,0.156,-0.283,1.296,0.313
19798180,1.373,0.201,-0.288,1.303,0.321
19808180,1.322,0.228,-0.269,1.257,0.309
19819290,1.207,0.23,-0.22,1.145,0.313
19828335,1.162,0.211,-0.21,1.104,0.292
19838276,1.073,0.18,-0.186,1.018,0.282
19848204,1.039,0.14,-0.175,0.986,0.279
19858180,1.015,0.102,-0.163,0.969,0.253
19868180,0.973,0.064,-0.107,0.937,0.243
19878252,0.957,0.028,-0.094,0.921,0.241
19888319,0.977,-0.0,-0.099,0.947,0.22
19898204,1.007,-0.016,-0.096,0.976,0.226
19908180,1.013,-0.025,-0.113,0.984,0.21
19918180,1.028,-0.029,-0.141,0.998,0.202
19928180,1.037,-0.029,-0.194,0.994,0.224
19938236,1.035,-0.028,-0.213,0.99,0.217
19948180,1.049,-0.026,-0.216,1.002,0.222
19958180,1.038,-0.023,-0.257,0.982,0.217
19968180,1.028,-0.024,-0.276,0.964,0.225
19978375,1.003,-0.028,-0.282,0.935,0.229
19988275,0.986,-0.035,-0.283,0.916,0.231
19998331,0.956,-0.046,-0.264,0.885,0.246
20008180,0.946,-0.059,-0.251,0.874,0.263
20018180,0.923,-0.072,-0.206,0.862,0.258
20028181,0.934,-0.082,-0.186,0.873,0.277
20039063,0.938,-0.089,-0.165,0.881,0.277
20048327,0.993,-0.086,-0.175,0.935,0.285
20058164,1.01,-0.075,-0.167,0.953,0.289
20068180,1.021,-0.063,-0.182,0.963,0.288
20078183,1.002,-0.054,-0.172,0.943,0.292
20088272,0.977,-0.052,-0.186,0.909,0.308
20098298,0.994,-0.05,-0.195,0.933,0.281
20108236,0.996,-0.047,-0.22,0.928,0.289
20117767,1.013,-0.041,-0.224,0.949,0.275
20128200,1.018,-0.034,-0.207,0.954,0.29
20138180,1.042,-0.025,-0.201,0.979,0.293
20148180,1.053,-0.014,-0.189,0.993,0.295
20158181,1.09,-0.0,-0.16,1.034,0.305
20168184,1.083,0.014,-0.135,1.039,0.272
20178181,1.078,0.023,-0.121,1.034,0.279
20188180,1.061,0.028,-0.084,1.025,0.26
20198180,1.037,0.027,-0.071,1.007,0.234
20208180,1.026,0.022,-0.064,0.997,0.232
20218180,1.025,0.017,-0.121,0.988,0.242
20228180,1.076,0.018,-0.165,1.03,0.264
20238180,1.19,0.037,-0.207,1.144,0.256
20248180,1.401,0.088,-0.224,1.357,0.267
20258180,1.599,0.173,-0.225,1.566,0.229
20268180,1.672,0.268,-0.18,1.651,0.195
20278252,1.725,0.354,-0.124,1.708,0.215
20288488,1.556,0.404,-0.062,1.538,0.229
20298200,1.397,0.404,-0.04,1.378,0.224
20308180,1.05,0.343,-0.01,1.025,0.224
20318180,0.782,0.224,0.006,0.754,0.205
20328181,0.688,0.09,-0.014,0.657,0.204
20338180,0.586,-0.037,-0.01,0.556,0.186
20348180,0.604,-0.145,0.009,0.59,0.13
20358180,0.668,-0.218,0.045,0.654,0.131
20368180,0.839,-0.246,0.07,0.83,0.099
20378180,1.003,-0.229,0.071,0.996,0.101
20387742,1.083,-0.186,0.063,1.076,0.112
20398200,1.22,-0.127,0.02,1.217,0.077
20408180,1.275,-0.059,-0.04,1.273,0.059
20418180,1.304,0.004,-0.047,1.302,0.04
20428180,1.296,0.055,-0.084,1.293,0.019
20438262,1.28,0.091,-0.076,1.278,-0.004
20448180,1.253,0.114,-0.097,1.25,-0.012
20458180,1.235,0.126,-0.062,1.233,-0.013
20468180,1.235,0.132,-0.064,1.233,0.008
20478180,1.231,0.135,-0.042,1.23,0.018
20488181,1.184,0.13,-0.033,1.183,0.036
20498299,1.12,0.114,-0.025,1.118,0.071
20508319,1.1,0.09,-0.023,1.098,0.073
20518200,1.044,0.063,-0.044,1.041,0.067
20528181,1.004,0.03,-0.091,0.998,0.068
20538180,0.99,-0.001,-0.093,0.983,0.07
20548926,0.957,-0.031,-0.146,0.942,0.082
20558336,0.955,-0.058,-0.153,0.938,0.088
20568164,0.944,-0.079,-0.141,0.929,0.083
20578180,0.928,-0.099,-0.1,0.918,0.093
20588215,0.912,-0.116,-0.102,0.903,0.07
20597478,0.908,-0.132,-0.118,0.897,0.066
20608228,0.891,-0.145,-0.141,0.877,0.069
20618311,0.916,-0.153,-0.163,0.894,0.111
20628200,0.916,-0.155,-0.162,0.896,0.105
20638180,0.926,-0.154,-0.159,0.903,0.125
20648180,0.91,-0.153,-0.156,0.881,0.165
20658180,0.907,-0.153,-0.16,0.874,0.182
20668180,0.891,-0.154,-0.161,0.853,0.2
20678180,0.906,-0.154,-0.212,0.856,0.209
20688181,0.914,-0.15,-0.225,0.865,0.193
20698327,0.959,-0.14,-0.292,0.899,0.158
20708200,1.002,-0.121,-0.344,0.928,0.153
20718180,1.008,-0.1,-0.333,0.942,0.138
20728180,1.002,-0.082,-0.321,0.942,0.111
20738180,0.982,-0.071,-0.307,0.924,0.128
20748180,0.96,-0.067,-0.297,0.901,0.146
20758180,0.967,-0.064,-0.28,0.911,0.166
20768180,0.994,-0.058,-0.268,0.936,0.203
20778180,0.988,-0.051,-0.264,0.925,0.227
20788180,1.001,-0.044,-0.209,0.949,0.243
20798183,1.022,-0.034,-0.188,0.978,0.232
20807656,1.033,-0.023,-0.189,0.992,0.216
20817629,1.055,-0.01,-0.198,1.021,0.176
20828315,1.084,0.005,-0.239,1.046,0.151
20838200,1.099,0.023,-0.243,1.064,0.132
20848180,1.113,0.039,-0.271,1.071,0.132
20858180,1.133,0.055,-0.298,1.087,0.116
20868180,1.133,0.069,-0.304,1.086,0.111
20878180,1.151,0.082,-0.336,1.095,0.112
20888180,1.12,0.089,-0.333,1.062,0.122
20898006,1.103,0.089,-0.334,1.043,0.122
20909256,1.052,0.081,-0.312,0.997,0.124
20918347,1.04,0.066,-0.311,0.989,0.088
20928168,1.027,0.052,-0.312,0.976,0.081
20938180,1.031,0.04,-0.327,0.976,0.057
20948168,1.021,0.029,-0.348,0.958,0.067
20958181,1.018,0.019,-0.356,0.952,0.068
20968168,1.027,0.012,-0.347,0.962,0.088
20978180,1.014,0.005,-0.319,0.958,0.094
20988168,0.998,-0.003,-0.309,0.944,0.096
20998267,0.955,-0.015,-0.29,0.903,0.112
21008228,0.947,-0.031,-0.256,0.901,0.135
21018244,0.947,-0.044,-0.269,0.899,0.126
21028370,0.966,-0.051,-0.277,0.92,0.097
21038204,0.998,-0.051,-0.279,0.955,0.087
21048180,1.011,-0.045,-0.254,0.975,0.084
21058180,1.014,-0.038,-0.25,0.98,0.066
21068180,1.005,-0.034,-0.247,0.972,0.066
21078601,0.951,-0.037,-0.248,0.916,0.069
21088208,0.922,-0.048,-0.25,0.883,0.084
21098180,0.902,-0.062,-0.261,0.859,0.083
21108252,0.889,-0.076,-0.27,0.843,0.088
21118180,0.905,-0.086,-0.303,0.847,0.096
21128311,0.917,-0.09,-0.29,0.866,0.083
21138208,0.942,-0.089,-0.281,0.894,0.09
21148180,0.997,-0.077,-0.273,0.956,0.085
21158180,1.046,-0.056,-0.257,1.012,0.065
21168180,1.077,-0.031,-0.27,1.041,0.062
21178319,1.12,-0.002,-0.282,1.082,0.057
21188208,1.113,0.024,-0.295,1.072,0.045
21198180,1.09,0.04,-0.289,1.049,0.05
21208180,1.08,0.049,-0.302,1.034,0.071
21218220,1.063,0.053,-0.291,1.019,0.082
21228181,1.072,0.054,-0.226,1.043,0.1
21238311,1.096,0.059,-0.168,1.079,0.096
21248208,1.106,0.065,-0.167,1.088,0.107
21258180,1.08,0.068,-0.152,1.066,0.079
21268180,1.038,0.062,-0.182,1.02,0.066
21278181,1.004,0.049,-0.188,0.985,0.048
21288220,0.979,0.031,-0.244,0.948,0.037
21298180,0.993,0.016,-0.282,0.951,0.054
21307620,1.02,0.009,-0.285,0.977,0.065
21318348,1.073,0.012,-0.312,1.024,0.073
21328208,1.084,0.022,-0.308,1.036,0.087
21338181,1.081,0.03,-0.311,1.033,0.066
21348180,1.07,0.035,-0.31,1.022,0.058
21358180,1.04,0.033,-0.302,0.994,0.036
21368181,1.038,0.028,-0.312,0.989,0.04
21378180,0.998,0.02,-0.301,0.952,0.027
21388180,0.948,0.003,-0.282,0.903,0.061
21398180,0.934,-0.018,-0.245,0.898,0.08
21408270,0.917,-0.037,-0.228,0.881,0.111
21418311,0.946,-0.05,-0.241,0.909,0.11
21428208,0.957,-0.056,-0.258,0.916,0.107
21438181,0.996,-0.054,-0.289,0.948,0.097
21448180,1.022,-0.045,-0.316,0.967,0.093
21458181,1.024,-0.034,-0.319,0.967,0.105
21468194,1.057,-0.022,-0.338,0.992,0.133
21478180,1.105,-0.003,-0.367,1.032,0.144
21488180,1.129,0.02,-0.383,1.051,0.148
21498180,1.13,0.04,-0.391,1.044,0.184
21508181,1.102,0.053,-0.357,1.027,0.183
21518320,1.093,0.058,-0.346,1.021,0.178
21528208,1.064,0.057,-0.34,0.994,0.167
21538181,1.057,0.052,-0.302,0.996,0.182
21548180,1.059,0.047,-0.279,1.004,0.186
21558181,1.056,0.043,-0.247,1.003,0.216
21568180,1.092,0.043,-0.242,1.034,0.254
21578180,1.108,0.048,-0.262,1.046,0.251
21588180,1.153,0.059,-0.305,1.076,0.278
21598181,1.138,0.07,-0.31,1.054,0.297
21608760,1.125,0.075,-0.325,1.032,0.308
21618413,1.105,0.075,-0.328,1.008,0.313
21628320,1.063,0.067,-0.316,0.943,0.375
21638204,1.087,0.058,-0.332,0.943,0.427
21648180,1.153,0.061,-0.368,0.986,0.472
21658180,1.23,0.079,-0.396,1.082,0.432
21668180,1.268,0.105,-0.389,1.137,0.405
21678181,1.279,0.13,-0.357,1.16,0.402
21688319,1.252,0.147,-0.36,1.119,0.43
21698189,1.23,0.153,-0.373,1.096,0.417
21708181,1.192,0.15,-0.396,1.044,0.417
21718181,1.235,0.146,-0.427,1.083,0.414
21728181,1.257,0.15,-0.433,1.114,0.39
21738181,1.299,0.159,-0.442,1.167,0.362
21748181,1.294,0.169,-0.428,1.162,0.377
21758180,1.299,0.175,-0.424,1.171,0.369
21768180,1.295,0.179,-0.394,1.18,0.361
21778180,1.31,0.181,-0.358,1.205,0.37
21788180,1.324,0.185,-0.336,1.227,0.368
21798180,1.284,0.184,-0.298,1.19,0.38
21808180,1.269,0.175,-0.255,1.181,0.388
21818280,1.292,0.168,-0.269,1.203,0.386
21828249,1.295,0.164,-0.256,1.216,0.365
21838320,1.274,0.157,-0.259,1.203,0.33
21848208,1.268,0.148,-0.263,1.197,0.323
21858180,1.267,0.139,-0.266,1.199,0.31
21868181,1.285,0.132,-0.305,1.211,0.305
21878181,1.3,0.13,-0.318,1.224,0.302
21888181,1.328,0.132,-0.425,1.215,0.328
21898180,1.39,0.143,-0.515,1.249,0.327
21908180,1.403,0.158,-0.543,1.257,0.305
21918181,1.392,0.169,-0.526,1.261,0.269
21928419,1.323,0.168,-0.467,1.213,0.245
21938208,1.295,0.154,-0.437,1.193,0.25
21948180,1.199,0.128,-0.399,1.106,0.229
21958181,1.126,0.089,-0.39,1.028,0.246
21968181,1.086,0.044,-0.371,0.996,0.226
21978181,1.047,0.001,-0.365,0.948,0.255
21988180,1.027,-0.04,-0.362,0.925,0.263
21998180,1.011,-0.075,-0.364,0.905,0.265
22008180,0.995,-0.105,-0.393,0.875,0.266
22018870,0.967,-0.132,-0.383,0.848,0.265
22028249,0.912,-0.162,-0.352,0.801,0.258
22039360,0.855,-0.196,-0.324,0.754,0.241
22048208,0.824,-0.231,-0.313,0.726,0.232
22058181,0.789,-0.264,-0.305,0.69,0.231
22068180,0.769,-0.293,-0.306,0.664,0.239
22078181,0.742,-0.319,-0.304,0.636,0.231
22088181,0.735,-0.34,-0.283,0.627,0.259
22098201,0.727,-0.356,-0.266,0.621,0.27
22108180,0.724,-0.366,-0.255,0.62,0.274
22118180,0.711,-0.373,-0.24,0.604,0.287
22127883,0.696,-0.379,-0.221,0.592,0.292
22138208,0.718,-0.379,-0.239,0.608,0.297
22148180,0.711,-0.375,-0.228,0.6,0.307
22158181,0.701,-0.371,-0.236,0.585,0.306
22168181,0.726,-0.363,-0.254,0.607,0.306
22178181,0.724,-0.351,-0.254,0.596,0.323
22188180,0.757,-0.336,-0.25,0.638,0.322
22198181,0.753,-0.318,-0.255,0.63,0.325
22208181,0.763,-0.301,-0.217,0.658,0.319
22218181,0.816,-0.278,-0.203,0.729,0.306
22228289,0.845,-0.249,-0.197,0.764,0.303
22238311,0.931,-0.212,-0.196,0.865,0.283
22248208,1.015,-0.162,-0.231,0.95,0.271
22258181,1.045,-0.11,-0.224,0.986,0.265
22268181,1.114,-0.057,-0.233,1.047,0.298
22278180,1.172,-0.001,-0.201,1.095,0.366
22288259,1.191,0.05,-0.182,1.107,0.399
22298181,1.207,0.094,-0.123,1.1,0.483
22308180,1.156,0.123,-0.046,1.057,0.466
22318180,1.136,0.137,-0.014,1.053,0.427
22328180,1.073,0.137,0.066,1.006,0.368
22338320,1.042,0.126,0.055,0.988,0.326
22348208,1.051,0.114,0.046,1.01,0.29
22358180,1.114,0.111,0.015,1.078,0.281
22368181,1.216,0.127,-0.005,1.184,0.28
22378181,1.289,0.158,-0.023,1.253,0.301
22388180,1.406,0.202,-0.047,1.362,0.345
22398180,1.461,0.254,-0.101,1.412,0.365
22408180,1.471,0.299,-0.116,1.421,0.364
22418180,1.429,0.329,-0.175,1.374,0.352
22428504,1.358,0.336,-0.21,1.299,0.335
22437843,1.332,0.328,-0.222,1.271,0.331
22448428,1.282,0.311,-0.209,1.22,0.334
22458205,1.206,0.281,-0.143,1.154,0.319
22468180,1.187,0.245,-0.123,1.135,0.327
22478180,1.16,0.21,-0.097,1.115,0.307
22488180,1.133,0.175,-0.083,1.088,0.304
22498251,1.111,0.141,-0.069,1.075,0.273
22508180,1.116,0.112,-0.077,1.079,0.276
22518180,1.119,0.089,-0.104,1.084,0.257
22528180,1.131,0.072,-0.137,1.089,0.275
22538330,1.124,0.059,-0.19,1.077,0.26
22548208,1.1,0.045,-0.194,1.049,0.269
22558180,1.083,0.03,-0.21,1.025,0.281
22568180,1.074,0.014,-0.223,1.011,0.288
22578180,1.044,-0.002,-0.235,0.98,0.272
22588277,1.028,-0.02,-0.229,0.963,0.277
22598180,1.006,-0.038,-0.24,0.938,0.272
22608180,0.986,-0.057,-0.23,0.913,0.292
22618180,0.982,-0.073,-0.231,0.907,0.295
22628181,0.949,-0.09,-0.206,0.877,0.299
22638192,0.922,-0.108,-0.212,0.843,0.308
22648312,0.939,-0.123,-0.218,0.86,0.307
22658209,0.922,-0.133,-0.2,0.848,0.304
22668180,0.917,-0.143,-0.223,0.839,0.297
22678180,0.92,-0.149,-0.219,0.84,0.302
22688180,0.928,-0.152,-0.226,0.848,0.304
22698180,0.962,-0.148,-0.235,0.889,0.284
22708180,0.998,-0.136,-0.233,0.928,0.285
22718181,1.032,-0.118,-0.229,0.965,0.286
22728180,1.056,-0.096,-0.214,0.994,0.286
22738181,1.067,-0.075,-0.213,1.006,0.285
22748319,1.084,-0.054,-0.206,1.029,0.272
22758208,1.085,-0.036,-0.214,1.029,0.269
22768181,1.091,-0.021,-0.228,1.032,0.271
22778181,1.086,-0.009,-0.236,1.03,0.25
22788181,1.127,0.005,-0.283,1.062,0.25
22798313,1.199,0.028,-0.308,1.136,0.231
22808208,1.36,0.071,-0.356,1.295,0.216
22818181,1.58,0.148,-0.373,1.522,0.204
22828180,1.685,0.242,-0.387,1.627,0.205
22838180,1.828,0.341,-0.321,1.786,0.223
22848320,1.886,0.438,-0.241,1.854,0.246
22858208,1.845,0.511,-0.197,1.815,0.264
22868180,1.604,0.532,-0.138,1.572,0.291
22878181,1.296,0.483,-0.104,1.261,0.28
22888523,1.159,0.391,-0.126,1.117,0.281
22898209,0.966,0.28,-0.166,0.918,0.25
22908180,0.857,0.157,-0.18,0.806,0.231
22918180,0.834,0.046,-0.193,0.777,0.231
22928180,0.843,-0.042,-0.186,0.798,0.197
22938181,0.851,-0.108,-0.17,0.815,0.175
22948180,0.936,-0.148,-0.173,0.91,0.134
22958180,1.023,-0.159,-0.174,1.002,0.108
22968180,1.07,-0.151,-0.173,1.051,0.102
22978180,1.11,-0.133,-0.202,1.086,0.111
22988180,1.148,-0.11,-0.215,1.122,0.113
22998180,1.153,-0.086,-0.219,1.126,0.11
23008180,1.217,-0.06,-0.252,1.182,0.146
23018180,1.247,-0.028,-0.272,1.204,0.174
23028180,1.241,-0.0,-0.268,1.198,0.183
23038184,1.227,0.019,-0.251,1.186,0.19
23048181,1.173,0.026,-0.219,1.133,0.207
23058245,1.162,0.024,-0.213,1.121,0.22
23068332,1.115,0.015,-0.19,1.076,0.22
23078208,1.084,0.0,-0.19,1.049,0.193
23088184,1.071,-0.017,-0.198,1.034,0.198
23098181,1.036,-0.035,-0.212,0.999,0.178
23108181,1.004,-0.056,-0.225,0.963,0.169
23118180,0.987,-0.078,-0.249,0.942,0.154
23128180,0.954,-0.1,-0.289,0.897,0.145
23138180,0.946,-0.12,-0.319,0.877,0.154
23148255,0.933,-0.138,-0.318,0.866,0.143
23157580,0.931,-0.152,-0.322,0.859,0.161
23168324,0.938,-0.161,-0.335,0.863,0.15
23178205,0.924,-0.168,-0.326,0.849,0.164
23188181,0.911,-0.174,-0.295,0.846,0.166
23198180,0.884,-0.183,-0.259,0.827,0.174
23208180,0.863,-0.193,-0.233,0.814,0.167
23218180,0.848,-0.204,-0.216,0.803,0.164
23228180,0.826,-0.215,-0.194,0.783,0.18
23238180,0.814,-0.225,-0.205,0.768,0.175
23248181,0.784,-0.236,-0.183,0.739,0.188
23258348,0.762,-0.249,-0.195,0.709,0.199
23268201,0.754,-0.26,-0.203,0.692,0.219
23278180,0.773,-0.265,-0.199,0.711,0.228
23288181,0.801,-0.262,-0.238,0.726,0.242
23298181,0.821,-0.252,-0.241,0.75,0.231
23308180,0.837,-0.238,-0.246,0.765,0.233
23318180,0.821,-0.226,-0.237,0.75,0.238
23328180,0.845,-0.213,-0.239,0.77,0.253
23338180,0.843,-0.199,-0.206,0.772,0.27
23348180,0.866,-0.185,-0.211,0.786,0.297
23358180,0.895,-0.166,-0.221,0.804,0.324
23368319,0.888,-0.148,-0.191,0.808,0.317
23378200,0.907,-0.131,-0.161,0.835,0.315
23388180,0.938,-0.112,-0.136,0.879,0.296
23398180,1.049,-0.08,-0.159,1.0,0.272
23408180,1.179,-0.027,-0.185,1.137,0.25
23418328,1.254,0.037,-0.205,1.213,0.243
23428201,1.356,0.106,-0.208,1.314,0.264
23438180,1.417,0.177,-0.183,1.375,0.292
23448180,1.438,0.24,-0.163,1.391,0.324
23458181,1.37,0.281,-0.118,1.32,0.346
23468181,1.231,0.288,-0.065,1.166,0.39
23478180,1.176,0.27,-0.045,1.104,0.4
23488180,1.048,0.232,-0.024,0.977,0.38
23498180,0.921,0.173,-0.024,0.852,0.349
23508180,0.884,0.107,-0.026,0.809,0.354
23518180,0.823,0.044,-0.022,0.755,0.327
23528180,0.835,-0.01,-0.04,0.775,0.308
23538180,0.87,-0.047,-0.049,0.817,0.295
23548180,0.998,-0.057,-0.08,0.955,0.279
23558256,1.138,-0.034,-0.107,1.102,0.264
23568180,1.18,0.004,-0.118,1.146,0.259
23578320,1.241,0.045,-0.142,1.201,0.277
23588200,1.307,0.091,-0.162,1.262,0.298
23598180,1.327,0.135,-0.15,1.281,0.31
23608180,1.357,0.175,-0.131,1.313,0.316
23618180,1.334,0.204,-0.093,1.289,0.329
23628180,1.289,0.218,-0.071,1.241,0.342
23638180,1.213,0.213,-0.065,1.161,0.346
23648180,1.149,0.193,-0.056,1.092,0.353
23658181,1.131,0.166,-0.059,1.071,0.361
23668328,1.106,0.139,-0.057,1.044,0.36
23678200,1.072,0.11,-0.073,1.008,0.358
23688180,1.044,0.08,-0.099,0.978,0.351
23698181,1.009,0.049,-0.113,0.936,0.361
23708181,0.996,0.019,-0.12,0.922,0.358
23718181,0.998,-0.006,-0.111,0.925,0.358
23728180,0.983,-0.026,-0.142,0.907,0.352
23738180,0.991,-0.042,-0.175,0.911,0.35
23748180,0.965,-0.057,-0.173,0.884,0.347
23758180,0.97,-0.07,-0.173,0.898,0.322
23768056,0.963,-0.08,-0.168,0.897,0.309
23778200,0.984,-0.085,-0.172,0.918,0.31
23788181,1.009,-0.084,-0.16,0.944,0.316
23798180,1.06,-0.073,-0.141,0.999,0.327
23808180,1.068,-0.058,-0.128,1.009,0.325
23818242,1.121,-0.039,-0.13,1.059,0.342
23828200,1.083,-0.022,-0.126,1.026,0.322
23838180,1.123,-0.009,-0.121,1.067,0.329
23848180,1.128,0.007,-0.148,1.074,0.312
23858220,1.134,0.02,-0.166,1.075,0.319
23868327,1.137,0.031,-0.179,1.078,0.315
23878200,1.118,0.038,-0.186,1.062,0.298
23888180,1.125,0.042,-0.188,1.068,0.299
23898180,1.104,0.042,-0.194,1.046,0.295
23908180,1.106,0.041,-0.205,1.049,0.284
23918181,1.106,0.039,-0.213,1.046,0.288
23928180,1.108,0.038,-0.2,1.053,0.278
23938180,1.104,0.036,-0.209,1.047,0.281
23948181,1.1,0.034,-0.209,1.042,0.282
23958180,1.069,0.028,-0.201,1.013,0.276
23968275,1.031,0.015,-0.208,0.974,0.27
23978327,1.043,0.002,-0.23,0.987,0.248
23988200,1.182,0.009,-0.273,1.122,0.25
23998180,1.387,0.053,-0.265,1.337,0.256
24008180,1.485,0.121,-0.244,1.44,0.267
24018181,1.567,0.192,-0.192,1.535,0.25
24028236,1.547,0.253,-0.146,1.52,0.248
24038180,1.506,0.292,-0.148,1.475,0.265
24048180,1.354,0.298,-0.143,1.317,0.28
24058181,1.199,0.266,-0.167,1.154,0.277
24068181,1.162,0.217,-0.192,1.117,0.256
24078320,1.115,0.168,-0.209,1.073,0.219
24088200,1.121,0.124,-0.208,1.082,0.211
24098180,1.144,0.093,-0.197,1.108,0.208
24108180,1.154,0.071,-0.16,1.123,0.214
24118180,1.123,0.051,-0.156,1.09,0.221
24128180,1.094,0.029,-0.146,1.061,0.225
24138180,1.106,0.009,-0.156,1.074,0.213
24148180,1.143,-0.0,-0.169,1.112,0.203
24158184,1.172,-0.001,-0.176,1.143,0.188
24168818,1.191,0.005,-0.166,1.167,0.167
24178327,1.202,0.012,-0.15,1.183,0.153
24188200,1.192,0.018,-0.134,1.172,0.167
24198180,1.159,0.017,-0.114,1.142,0.165
24208181,1.137,0.011,-0.091,1.121,0.172
24218180,1.126,0.002,-0.063,1.111,0.175
24228180,1.113,-0.008,-0.051,1.1,0.166
24238180,1.111,-0.017,-0.022,1.098,0.167
24248180,1.093,-0.026,-0.009,1.08,0.169
24258180,1.069,-0.038,-0.006,1.056,0.163
24268180,1.026,-0.054,-0.008,1.011,0.175
24278515,1.027,-0.071,-0.025,1.013,0.167
24288201,0.991,-0.087,-0.061,0.975,0.169
24298180,0.936,-0.11,-0.099,0.914,0.177
24308181,0.933,-0.133,-0.097,0.91,0.182
24318180,0.925,-0.151,-0.115,0.896,0.2
24328328,0.915,-0.165,-0.146,0.882,0.193
24338200,0.901,-0.178,-0.146,0.869,0.187
24348181,0.878,-0.191,-0.149,0.846,0.182
24358180,0.854,-0.204,-0.155,0.821,0.173
24368180,0.843,-0.217,-0.171,0.808,0.169
24378320,0.82,-0.229,-0.162,0.788,0.162
24388201,0.809,-0.241,-0.172,0.774,0.159
24398181,0.801,-0.25,-0.159,0.77,0.151
24408180,0.799,-0.256,-0.135,0.769,0.168
24418180,0.806,-0.258,-0.128,0.779,0.161
24428180,0.826,-0.255,-0.127,0.798,0.172
24438180,0.838,-0.247,-0.129,0.809,0.176
24448180,0.844,-0.236,-0.124,0.811,0.198
24458180,0.825,-0.228,-0.105,0.796,0.191
24468181,0.854,-0.218,-0.128,0.821,0.196
24478181,0.87,-0.204,-0.125,0.836,0.205
24488327,0.878,-0.189,-0.141,0.838,0.22
24498200,0.893,-0.173,-0.131,0.853,0.229
24508181,0.91,-0.156,-0.127,0.868,0.241
24518180,0.934,-0.136,-0.14,0.896,0.223
24528180,0.92,-0.119,-0.127,0.889,0.204
24538180,0.906,-0.108,-0.116,0.882,0.17
24548180,0.917,-0.099,-0.128,0.894,0.158
24558180,1.016,-0.079,-0.147,0.995,0.146
24568180,1.192,-0.031,-0.212,1.167,0.119
24578869,1.283,0.035,-0.228,1.256,0.133
24588320,1.421,0.113,-0.232,1.395,0.145
24598200,1.466,0.192,-0.183,1.448,0.139
24608180,1.456,0.256,-0.159,1.441,0.135
24618181,1.445,0.301,-0.147,1.428,0.167
24628181,1.361,0.323,-0.18,1.336,0.181
24638180,1.308,0.323,-0.164,1.283,0.194
24648258,1.189,0.3,-0.153,1.153,0.243
24658181,1.1,0.257,-0.114,1.064,0.253
24668180,1.066,0.208,-0.091,1.029,0.262
24678180,1.031,0.16,-0.072,0.999,0.244
24688934,1.053,0.12,-0.068,1.025,0.234
24698331,1.084,0.095,-0.066,1.061,0.215
24708165,1.149,0.085,-0.12,1.126,0.196
24718181,1.231,0.093,-0.169,1.207,0.178
24728165,1.262,0.111,-0.182,1.235,0.184
24738180,1.266,0.128,-0.191,1.235,0.202
24748185,1.211,0.135,-0.189,1.175,0.225
24758180,1.178,0.129,-0.177,1.142,0.229
24768164,1.108,0.112,-0.161,1.067,0.25
24778180,1.084,0.087,-0.166,1.046,0.228
24788177,1.068,0.063,-0.147,1.033,0.229
24798320,1.055,0.04,-0.134,1.02,0.233
24808201,1.053,0.021,-0.124,1.023,0.214
24818181,1.053,0.005,-0.116,1.022,0.226
24828181,1.044,-0.008,-0.112,1.012,0.231
24838180,1.034,-0.02,-0.135,1.0,0.228
24848244,1.039,-0.03,-0.149,1.0,0.241
24858180,1.016,-0.04,-0.165,0.97,0.252
24868180,1.002,-0.051,-0.175,0.955,0.25
24878180,0.993,-0.062,-0.211,0.937,0.255
24888181,0.966,-0.073,-0.217,0.906,0.254
24898327,0.958,-0.086,-0.224,0.897,0.251
24908201,0.934,-0.099,-0.247,0.865,0.249
24918180,0.951,-0.109,-0.257,0.887,0.228
24928181,0.95,-0.114,-0.267,0.883,0.225
24938180,0.955,-0.116,-0.285,0.885,0.219
24948199,0.989,-0.113,-0.307,0.914,0.218
24958180,1.011,-0.103,-0.316,0.935,0.219
24968180,1.057,-0.087,-0.325,0.98,0.226
24978180,1.104,-0.063,-0.327,1.029,0.232
24988459,1.104,-0.039,-0.332,1.027,0.231
24998180,1.124,-0.018,-0.319,1.051,0.24
25008320,1.131,0.001,-0.317,1.058,0.244
25018200,1.125,0.017,-0.324,1.047,0.253
25028180,1.111,0.026,-0.319,1.033,0.258
25038180,1.105,0.031,-0.298,1.027,0.278
25048180,1.12,0.036,-0.278,1.046,0.286
25058181,1.111,0.04,-0.23,1.045,0.299
25068180,1.108,0.041,-0.139,1.061,0.289
25078180,1.124,0.043,-0.11,1.071,0.322
25088180,1.114,0.045,-0.075,1.058,0.341
25098219,1.088,0.042,-0.114,1.028,0.338
25108328,1.091,0.037,-0.146,1.021,0.355
25118201,1.165,0.042,-0.263,1.075,0.364
25128180,1.355,0.074,-0.359,1.256,0.358
25138181,1.465,0.133,-0.392,1.366,0.355
25148181,1.695,0.215,-0.41,1.595,0.402
25158180,1.782,0.313,-0.264,1.708,0.432
25168180,1.796,0.398,-0.147,1.731,0.456
25178180,1.727,0.454,-0.017,1.665,0.458
25188180,1.498,0.461,-0.048,1.433,0.435
25198206,1.389,0.424,-0.091,1.319,0.425
25208320,1.226,0.362,-0.168,1.14,0.418
25218200,1.12,0.281,-0.193,1.028,0.401
25228180,1.084,0.2,-0.161,0.992,0.407
25238181,1.091,0.132,-0.17,0.985,0.437
25248180,1.131,0.084,-0.169,1.032,0.431
25258180,1.167,0.054,-0.204,1.071,0.418
25268180,1.238,0.043,-0.232,1.156,0.378
25278180,1.321,0.051,-0.283,1.245,0.341
25288180,1.34,0.068,-0.29,1.272,0.306
25298180,1.427,0.093,-0.302,1.368,0.272
25308248,1.506,0.13,-0.309,1.454,0.244
25318335,1.528,0.169,-0.32,1.479,0.21
25328200,1.513,0.199,-0.286,1.47,0.212
25338180,1.483,0.215,-0.241,1.45,0.198
25348180,1.461,0.22,-0.227,1.431,0.188
25358181,1.398,0.213,-0.182,1.373,0.194
25368180,1.347,0.193,-0.147,1.325,0.19
25378181,1.318,0.167,-0.127,1.298,0.187
25388180,1.226,0.132,-0.117,1.206,0.19
25398232,1.141,0.084,-0.121,1.117,0.198
25408320,1.107,0.032,-0.112,1.083,0.204
25418201,1.038,-0.019,-0.116,1.014,0.19
25428181,0.973,-0.074,-0.106,0.945,0.206
25438180,0.934,-0.128,-0.1,0.911,0.183
25448180,0.862,-0.181,-0.092,0.84,0.17
25458180,0.799,-0.236,-0.087,0.777,0.165
25468180,0.76,-0.288,-0.092,0.739,0.148
25478180,0.715,-0.336,-0.105,0.689,0.156
25488180,0.665,-0.38,-0.121,0.637,0.147
25498180,0.661,-0.418,-0.128,0.632,0.147
25508180,0.625,-0.449,-0.129,0.593,0.149
25518181,0.609,-0.475,-0.12,0.578,0.149
25528328,0.625,-0.491,-0.125,0.592,0.154
25538200,0.625,-0.498,-0.116,0.589,0.171
25548181,0.647,-0.497,-0.116,0.608,0.188
25558181,0.664,-0.488,-0.105,0.621,0.211
25568181,0.656,-0.476,-0.123,0.604,0.224
25578181,0.664,-0.463,-0.121,0.608,0.239
25588180,0.654,-0.45,-0.12,0.599,0.233
25598180,0.646,-0.438,-0.083,0.598,0.229
25608181,0.679,-0.422,-0.071,0.631,0.238
25618320,0.683,-0.403,-0.076,0.633,0.245
25628200,0.723,-0.379,-0.085,0.681,0.229
25638180,0.768,-0.349,-0.099,0.721,0.244
25648180,0.78,-0.316,-0.081,0.736,0.247
25658180,0.829,-0.281,-0.066,0.775,0.285
25668328,0.891,-0.239,-0.056,0.843,0.284
25678200,0.887,-0.198,-0.053,0.85,0.25
25688181,0.919,-0.162,-0.078,0.88,0.252
25698180,0.947,-0.126,-0.074,0.912,0.245
25708231,0.954,-0.093,-0.075,0.93,0.201
25718180,1.029,-0.057,-0.059,1.004,0.216
25728180,1.074,-0.016,-0.084,1.052,0.199
25738180,1.269,0.043,-0.117,1.247,0.206
25748180,1.467,0.133,-0.143,1.443,0.223
25758180,1.545,0.233,-0.161,1.521,0.214
25768180,1.674,0.331,-0.144,1.648,0.252
25778180,1.728,0.425,-0.143,1.701,0.271
25788180,1.722,0.501,-0.141,1.692,0.291
25798180,1.633,0.544,-0.118,1.599,0.308
25808180,1.501,0.549,-0.102,1.457,0.348
25818320,1.439,0.527,-0.097,1.395,0.338
25828200,1.329,0.486,-0.11,1.285,0.323
25838181,1.242,0.428,-0.096,1.203,0.294
25848181,1.233,0.369,-0.107,1.192,0.294
25858180,1.257,0.323,-0.112,1.227,0.248
25868328,1.302,0.291,-0.144,1.278,0.201
25878200,1.344,0.275,-0.141,1.326,0.169
25888181,1.418,0.272,-0.19,1.399,0.125
25898181,1.479,0.284,-0.235,1.455,0.132
25908181,1.491,0.299,-0.256,1.463,0.125
25918321,1.474,0.307,-0.283,1.437,0.172
25928201,1.405,0.302,-0.294,1.359,0.198
25938180,1.367,0.283,-0.303,1.319,0.196
25948180,1.26,0.25,-0.278,1.212,0.204
25958181,1.183,0.202,-0.276,1.129,0.22
25968181,1.14,0.149,-0.261,1.086,0.227
25978180,1.066,0.094,-0.239,1.013,0.229
25988181,1.034,0.039,-0.231,0.98,0.234
25998181,1.005,-0.011,-0.219,0.95,0.246
26008181,0.972,-0.057,-0.205,0.916,0.256
26018222,0.951,-0.098,-0.22,0.886,0.265
26028336,0.941,-0.132,-0.229,0.874,0.265
26038165,0.898,-0.164,-0.254,0.817,0.271
26048180,0.885,-0.194,-0.284,0.789,0.283
26058165,0.883,-0.217,-0.312,0.776,0.282
26069342,0.892,-0.232,-0.34,0.768,0.301
26078205,0.916,-0.238,-0.361,0.784,0.307
26088181,0.922,-0.238,-0.352,0.799,0.294
26098181,0.922,-0.235,-0.344,0.808,0.282
26108181,0.912,-0.232,-0.337,0.804,0.271
26118276,0.915,-0.229,-0.324,0.813,0.266
26128180,0.92,-0.224,-0.296,0.824,0.281
26138180,0.95,-0.214,-0.275,0.864,0.282
26148181,0.971,-0.199,-0.258,0.893,0.28
26158180,0.994,-0.181,-0.245,0.918,0.29
26168181,1.027,-0.159,-0.228,0.957,0.298
26178180,1.041,-0.136,-0.201,0.976,0.301
26188180,1.07,-0.112,-0.209,1.005,0.299
26198180,1.084,-0.087,-0.191,1.023,0.301
26208180,1.093,-0.065,-0.194,1.032,0.303
26218181,1.115,-0.044,-0.185,1.05,0.327
26228328,1.142,-0.022,-0.191,1.078,0.323
26238201,1.161,0.001,-0.192,1.101,0.315
26248181,1.175,0.022,-0.194,1.114,0.319
26258181,1.194,0.042,-0.187,1.137,0.312
26268220,1.202,0.06,-0.183,1.141,0.329
26278181,1.233,0.078,-0.165,1.179,0.32
26288180,1.395,0.113,-0.25,1.339,0.301
26298180,1.523,0.172,-0.275,1.469,0.293
26308180,1.809,0.263,-0.282,1.759,0.315
26318180,2.058,0.391,-0.226,2.022,0.311
26328344,2.104,0.521,-0.185,2.071,0.318
26338360,1.951,0.605,-0.052,1.923,0.326
26348201,1.632,0.613,0.031,1.593,0.353
26358181,1.48,0.561,0.032,1.435,0.359
26368181,1.302,0.479,0.005,1.259,0.332
26378181,1.241,0.385,-0.057,1.204,0.294
26388207,1.257,0.304,-0.084,1.219,0.297
26398180,1.337,0.25,-0.102,1.31,0.251
26408180,1.365,0.218,-0.06,1.349,0.2
26418180,1.377,0.196,-0.033,1.362,0.2
26428247,1.369,0.178,-0.017,1.356,0.183
26438241,1.372,0.161,-0.026,1.359,0.183
26448181,1.37,0.148,-0.025,1.358,0.182
26458181,1.374,0.136,-0.027,1.362,0.174
26468180,1.345,0.123,-0.008,1.332,0.188
26478180,1.323,0.107,0.008,1.311,0.181
26488218,1.243,0.081,0.015,1.23,0.175
26498181,1.158,0.043,0.021,1.14,0.204
26508180,1.127,-0.001,0.031,1.105,0.217
26518180,1.072,-0.044,0.021,1.051,0.212
26528270,1.022,-0.089,0.035,0.993,0.242
26538344,1.0,-0.131,0.042,0.969,0.244
26548201,0.937,-0.172,0.042,0.899,0.258
26558181,0.874,-0.217,0.032,0.836,0.25
26568181,0.848,-0.26,0.035,0.81,0.249
26578181,0.787,-0.302,0.026,0.749,0.239
26588180,0.721,-0.345,-0.013,0.69,0.21
26598180,0.679,-0.388,-0.012,0.648,0.202
26608180,0.637,-0.428,-0.025,0.61,0.181
26618180,0.602,-0.465,-0.063,0.567,0.191
26628181,0.586,-0.495,-0.052,0.556,0.178
26638319,0.541,-0.521,-0.08,0.497,0.198
26648200,0.547,-0.542,-0.092,0.504,0.191
26658180,0.534,-0.554,-0.1,0.484,0.201
26668180,0.537,-0.561,-0.115,0.481,0.208
26678181,0.55,-0.559,-0.109,0.496,0.212
26688181,0.572,-0.55,-0.106,0.518,0.22
26698180,0.612,-0.531,-0.094,0.549,0.253
26708181,0.617,-0.508,-0.076,0.563,0.242
26718180,0.643,-0.482,-0.053,0.597,0.232
26728775,0.663,-0.453,-0.042,0.615,0.245
26738328,0.671,-0.424,-0.039,0.621,0.251
26748200,0.678,-0.396,-0.039,0.628,0.251
26758181,0.716,-0.366,-0.056,0.672,0.241
26768180,0.737,-0.334,-0.057,0.689,0.256
26778180,0.789,-0.298,-0.079,0.746,0.244
26788181,0.862,-0.253,-0.08,0.818,0.259
26798180,0.915,-0.203,-0.07,0.874,0.26
26808181,1.026,-0.144,-0.074,0.99,0.26
26818180,1.12,-0.073,-0.063,1.089,0.256
26828180,1.17,-0.002,-0.047,1.145,0.24
26839173,1.217,0.064,-0.056,1.193,0.234
26848201,1.226,0.121,-0.044,1.205,0.226
26858181,1.228,0.165,-0.059,1.21,0.203
26868180,1.261,0.202,-0.075,1.242,0.205
26878181,1.409,0.25,-0.102,1.393,0.184
26888181,1.52,0.314,-0.111,1.508,0.158
26898180,1.736,0.398,-0.142,1.725,0.134
26908181,1.931,0.506,-0.141,1.922,0.128
26918180,1.97,0.611,-0.148,1.96,0.134
26928180,1.968,0.693,-0.159,1.955,0.162
26938254,1.821,0.734,-0.174,1.797,0.232
26948328,1.73,0.733,-0.162,1.701,0.271
26958200,1.51,0.692,-0.165,1.475,0.278
26968181,1.345,0.611,-0.165,1.308,0.269
26978181,1.275,0.517,-0.179,1.235,0.258
26988460,1.188,0.423,-0.222,1.144,0.233
26998200,1.197,0.338,-0.286,1.144,0.205
27008181,1.228,0.273,-0.299,1.177,0.184
27018181,1.298,0.233,-0.311,1.247,0.185
27028181,1.379,0.216,-0.292,1.335,0.183
27038328,1.391,0.212,-0.296,1.348,0.179
27048201,1.399,0.209,-0.308,1.349,0.204
27058181,1.358,0.202,-0.333,1.302,0.2
27068181,1.342,0.188,-0.348,1.279,0.208
27078180,1.252,0.164,-0.313,1.189,0.236
27088181,1.147,0.122,-0.264,1.09,0.24
27098181,1.097,0.072,-0.25,1.041,0.241
27108181,0.992,0.014,-0.192,0.939,0.257
27118180,0.951,-0.047,-0.161,0.895,0.278
27128181,0.935,-0.1,-0.139,0.881,0.28
27138891,0.912,-0.145,-0.141,0.855,0.282
27148319,0.906,-0.182,-0.143,0.85,0.279
27158201,0.897,-0.211,-0.163,0.84,0.27
27168181,0.896,-0.233,-0.175,0.833,0.281
27178181,0.88,-0.25,-0.199,0.813,0.272
27188181,0.876,-0.263,-0.217,0.803,0.275
27198181,0.856,-0.274,-0.254,0.775,0.257
27208180,0.854,-0.283,-0.27,0.765,0.267
27218181,0.845,-0.289,-0.262,0.757,0.269
27228180,0.85,-0.292,-0.299,0.745,0.28
27238181,0.881,-0.288,-0.3,0.766,0.313
27248677,0.907,-0.276,-0.312,0.79,0.32
27258201,0.958,-0.256,-0.296,0.858,0.305
27268181,1.0,-0.228,-0.279,0.909,0.31
27278181,0.992,-0.2,-0.255,0.914,0.289
27288181,1.002,-0.177,-0.23,0.932,0.288
27298320,0.998,-0.157,-0.25,0.916,0.306
27308201,1.003,-0.14,-0.249,0.918,0.317
27318181,1.034,-0.122,-0.25,0.949,0.327
27328181,1.07,-0.1,-0.222,0.992,0.335
27338180,1.084,-0.076,-0.216,1.005,0.345
27348327,1.095,-0.054,-0.213,1.018,0.343
27358200,1.11,-0.033,-0.207,1.029,0.363
27368180,1.128,-0.013,-0.223,1.042,0.372
27378181,1.141,0.006,-0.2,1.061,0.369
27388180,1.182,0.026,-0.167,1.098,0.405
27398320,1.208,0.05,-0.135,1.132,0.399
27408201,1.238,0.074,-0.125,1.166,0.398
27418181,1.238,0.095,-0.13,1.167,0.394
27428181,1.236,0.111,-0.152,1.169,0.37
27438180,1.299,0.129,-0.208,1.237,0.337
27448181,1.475,0.168,-0.258,1.42,0.3
27458245,1.612,0.233,-0.285,1.56,0.289
27468180,1.807,0.319,-0.269,1.767,0.271
27478180,1.905,0.415,-0.158,1.879,0.272
27488180,1.843,0.491,-0.113,1.817,0.285
27498181,1.63,0.515,-0.031,1.597,0.328
27508180,1.43,0.483,-0.022,1.392,0.325
27518180,1.36,0.425,-0.023,1.323,0.314
27528180,1.301,0.361,-0.034,1.27,0.281
27538180,1.293,0.302,-0.062,1.269,0.241
27548497,1.328,0.256,-0.043,1.306,0.237
27558180,1.346,0.225,-0.045,1.334,0.174
27568332,1.345,0.2,-0.028,1.334,0.173
27578200,1.333,0.179,-0.037,1.321,0.174
27588180,1.283,0.153,-0.052,1.271,0.165
27598180,1.265,0.125,-0.044,1.252,0.174
27608180,1.271,0.1,-0.093,1.257,0.164
27618180,1.27,0.081,-0.118,1.25,0.193
27628180,1.269,0.065,-0.146,1.244,0.204
27638180,1.268,0.052,-0.207,1.231,0.221
27648181,1.199,0.034,-0.208,1.158,0.229
27658219,1.15,0.006,-0.199,1.112,0.218
27668328,1.054,-0.031,-0.164,1.019,0.218
27678165,0.968,-0.081,-0.143,0.932,0.223
27688180,0.935,-0.132,-0.125,0.901,0.215
27698165,0.863,-0.182,-0.141,0.827,0.203
27708180,0.791,-0.236,-0.155,0.754,0.182
27718164,0.756,-0.288,-0.147,0.717,0.188
27728180,0.709,-0.335,-0.142,0.674,0.168
27738165,0.65,-0.381,-0.114,0.62,0.159
27748180,0.641,-0.421,-0.104,0.609,0.171
27758192,0.591,-0.455,-0.084,0.556,0.182
27768327,0.57,-0.487,-0.102,0.531,0.18
27778200,0.555,-0.511,-0.103,0.512,0.188
27788181,0.56,-0.527,-0.125,0.504,0.208
27798180,0.546,-0.536,-0.119,0.483,0.226
27808181,0.533,-0.542,-0.126,0.467,0.224
27818180,0.549,-0.542,-0.14,0.476,0.235
27828180,0.54,-0.536,-0.122,0.471,0.235
27838181,0.544,-0.529,-0.125,0.471,0.24
27848181,0.566,-0.516,-0.144,0.489,0.246
27858181,0.584,-0.497,-0.13,0.521,0.23
27868319,0.604,-0.474,-0.132,0.534,0.249
27878200,0.619,-0.449,-0.113,0.554,0.253
27888181,0.637,-0.422,-0.115,0.575,0.25
27898181,0.651,-0.394,-0.099,0.597,0.24
27908180,0.685,-0.364,-0.099,0.631,0.248
27918328,0.718,-0.33,-0.093,0.665,0.256
27928200,0.753,-0.294,-0.103,0.695,0.271
27938180,0.813,-0.253,-0.104,0.758,0.273
27948180,0.854,-0.208,-0.101,0.798,0.288
27958180,0.895,-0.162,-0.087,0.838,0.302
27968342,0.953,-0.114,-0.068,0.9,0.306
27978200,1.059,-0.057,-0.07,1.006,0.321
27988181,1.09,0.003,-0.071,1.037,0.327
27998181,1.174,0.062,-0.033,1.13,0.313
28008181,1.268,0.127,-0.031,1.223,0.331
28018180,1.323,0.193,-0.01,1.29,0.292
28028328,1.395,0.258,0.019,1.373,0.246
28038200,1.506,0.326,0.018,1.496,0.167
28048180,1.578,0.397,-0.002,1.572,0.146
28058180,1.818,0.484,-0.056,1.814,0.089
28068181,2.031,0.598,-0.133,2.026,0.05
28078180,2.111,0.715,-0.167,2.1,0.147
28088180,2.089,0.807,-0.176,2.069,0.232
28098180,1.897,0.847,-0.151,1.856,0.362
28108181,1.769,0.836,-0.127,1.719,0.398
28118180,1.53,0.78,-0.078,1.475,0.398
28128180,1.349,0.683,-0.084,1.295,0.37
28138181,1.275,0.573,-0.116,1.221,0.35
28148181,1.153,0.462,-0.191,1.102,0.282
28158180,1.08,0.35,-0.237,1.019,0.266
28168219,1.06,0.25,-0.268,0.99,0.271
28178328,1.106,0.173,-0.288,1.033,0.271
28188165,1.185,0.127,-0.298,1.117,0.26
28198181,1.243,0.105,-0.307,1.177,0.255
28208164,1.313,0.101,-0.301,1.253,0.251
28218180,1.325,0.107,-0.285,1.27,0.247
28228350,1.285,0.107,-0.255,1.234,0.252
28238200,1.192,0.092,-0.223,1.144,0.249
28248180,1.113,0.06,-0.185,1.068,0.255
28258180,1.092,0.023,-0.169,1.045,0.267
28268248,1.024,-0.015,-0.127,0.973,0.295
28278223,0.981,-0.057,-0.1,0.926,0.31
28288180,0.951,-0.098,-0.08,0.895,0.311
28298180,0.927,-0.134,-0.065,0.873,0.306
28308180,0.918,-0.165,-0.06,0.861,0.314
28318180,0.923,-0.189,-0.065,0.866,0.311
28328180,0.92,-0.205,-0.078,0.864,0.304
28338180,0.928,-0.215,-0.09,0.878,0.286
28348180,0.922,-0.222,-0.098,0.869,0.292
28358180,0.908,-0.227,-0.135,0.854,0.277
28368181,0.898,-0.232,-0.175,0.83,0.295
28377771,0.876,-0.238,-0.188,0.812,0.269
28388355,0.869,-0.243,-0.226,0.796,0.265
28398200,0.882,-0.245,-0.274,0.801,0.249
28408181,0.921,-0.239,-0.309,0.831,0.249
28418181,0.951,-0.224,-0.351,0.854,0.226
28428181,0.973,-0.205,-0.358,0.876,0.226
28438181,0.976,-0.186,-0.324,0.889,0.243
28448180,0.955,-0.172,-0.229,0.9,0.222
28458180,0.946,-0.163,-0.158,0.904,0.228
28468180,0.955,-0.155,-0.13,0.918,0.23
28478328,0.97,-0.144,-0.119,0.934,0.232
28488200,0.968,-0.134,-0.121,0.93,0.24
28498180,0.985,-0.123,-0.118,0.945,0.25
28508180,1.018,-0.108,-0.146,0.974,0.259
28518180,1.043,-0.088,-0.155,0.997,0.266
28528217,1.075,-0.066,-0.183,1.03,0.249
28538180,1.09,-0.044,-0.205,1.044,0.237
28548180,1.102,-0.023,-0.221,1.053,0.238
28558180,1.122,-0.003,-0.236,1.073,0.231
28568180,1.132,0.016,-0.249,1.079,0.235
28578181,1.122,0.031,-0.264,1.064,0.24
28588319,1.126,0.041,-0.229,1.073,0.251
28598201,1.122,0.049,-0.258,1.063,0.246
28608181,1.166,0.059,-0.298,1.099,0.249
28618180,1.361,0.093,-0.391,1.283,0.235
28628181,1.591,0.167,-0.421,1.519,0.219
28638189,1.715,0.262,-0.423,1.648,0.215
28648180,1.853,0.363,-0.358,1.804,0.223
28658180,1.864,0.456,-0.279,1.828,0.234
28668180,1.788,0.516,-0.224,1.758,0.237
28678270,1.616,0.532,-0.182,1.587,0.243
28688328,1.443,0.501,-0.203,1.409,0.238
28698200,1.396,0.448,-0.237,1.359,0.215
28708181,1.317,0.389,-0.292,1.267,0.209
28718180,1.285,0.328,-0.303,1.234,0.189
28728180,1.274,0.274,-0.304,1.224,0.185
28738180,1.291,0.23,-0.259,1.252,0.18
28748240,1.311,0.198,-0.225,1.284,0.143
28758180,1.323,0.175,-0.197,1.301,0.138
28768180,1.296,0.155,-0.2,1.273,0.14
28778181,1.291,0.134,-0.252,1.256,0.163
28788319,1.295,0.116,-0.28,1.25,0.184
28798200,1.268,0.099,-0.305,1.214,0.202
28808181,1.271,0.083,-0.311,1.214,0.209
28818181,1.248,0.067,-0.308,1.191,0.205
28828181,1.197,0.046,-0.246,1.16,0.163
28838181,1.15,0.018,-0.193,1.125,0.142
28848180,1.101,-0.014,-0.147,1.082,0.143
28858180,1.015,-0.054,-0.125,0.995,0.159
28868180,0.946,-0.102,-0.13,0.925,0.152
28878180,0.904,-0.151,-0.133,0.878,0.169
28888181,0.864,-0.197,-0.16,0.83,0.18
28898216,0.832,-0.239,-0.171,0.787,0.209
28908331,0.802,-0.277,-0.18,0.748,0.227
28918201,0.818,-0.306,-0.238,0.731,0.278
28928181,0.788,-0.327,-0.245,0.698,0.273
28938180,0.767,-0.347,-0.229,0.683,0.265
28948180,0.708,-0.368,-0.212,0.626,0.251
28958181,0.634,-0.397,-0.197,0.551,0.242
28968181,0.599,-0.429,-0.188,0.526,0.215
28978180,0.569,-0.457,-0.208,0.477,0.232
28989329,0.549,-0.481,-0.207,0.446,0.243
28998200,0.549,-0.498,-0.209,0.438,0.255
29008181,0.558,-0.506,-0.209,0.445,0.264
29018180,0.595,-0.503,-0.238,0.461,0.291
29028181,0.608,-0.491,-0.23,0.475,0.302
29038180,0.631,-0.474,-0.24,0.502,0.297
29048180,0.617,-0.456,-0.236,0.488,0.294
29058181,0.614,-0.441,-0.233,0.481,0.303
29068181,0.609,-0.426,-0.257,0.457,0.312
29078180,0.643,-0.408,-0.278,0.469,0.34
29088275,0.653,-0.385,-0.275,0.492,0.33
29098217,0.676,-0.361,-0.269,0.521,0.335
29108340,0.73,-0.331,-0.263,0.584,0.349
29118201,0.735,-0.299,-0.272,0.586,0.35
29128181,0.762,-0.268,-0.262,0.623,0.354
29138180,0.827,-0.231,-0.252,0.691,0.376
29148180,0.856,-0.19,-0.254,0.716,0.395
29158181,0.905,-0.148,-0.211,0.796,0.375
29168180,0.94,-0.105,-0.152,0.846,0.381
29178180,0.954,-0.065,-0.116,0.873,0.369
29188180,1.052,-0.021,-0.088,0.99,0.343
29198320,1.191,0.039,-0.098,1.146,0.308
29208200,1.277,0.111,-0.124,1.236,0.293
29218180,1.46,0.197,-0.164,1.424,0.279
29228181,1.606,0.298,-0.16,1.565,0.32
29238181,1.66,0.397,-0.123,1.612,0.379
29248181,1.71,0.482,-0.06,1.657,0.421
29258181,1.686,0.547,0.01,1.628,0.436
29268180,1.646,0.586,0.015,1.592,0.419
29278180,1.532,0.595,0.051,1.477,0.403
29288800,1.412,0.57,0.042,1.358,0.382
29298327,1.348,0.526,0.024,1.296,0.37
29308200,1.272,0.472,-0.005,1.222,0.352
29318181,1.206,0.41,-0.031,1.152,0.356
29328181,1.201,0.351,-0.045,1.143,0.365
29338181,1.198,0.302,-0.089,1.151,0.321
29348200,1.249,0.266,-0.135,1.215,0.259
29358180,1.269,0.245,-0.149,1.237,0.239
29368181,1.344,0.237,-0.202,1.309,0.227
29378180,1.386,0.242,-0.224,1.351,0.218
29388181,1.381,0.248,-0.215,1.346,0.217
29398181,1.312,0.242,-0.164,1.285,0.205
29407918,1.266,0.223,-0.114,1.245,0.205
29418324,1.227,0.197,-0.048,1.211,0.188
29428240,1.19,0.167,-0.003,1.176,0.185
29438180,1.174,0.136,-0.016,1.157,0.203
29448181,1.136,0.105,-0.063,1.112,0.221
29458180,1.09,0.071,-0.094,1.055,0.257
29468239,1.074,0.037,-0.101,1.037,0.264
29478180,1.013,0.001,-0.11,0.971,0.266
29488180,0.96,-0.039,-0.094,0.917,0.268
29498267,0.938,-0.078,-0.082,0.902,0.244
29508328,0.88,-0.117,-0.059,0.854,0.2
29518208,0.892,-0.152,-0.12,0.854,0.229
29528180,0.901,-0.175,-0.154,0.854,0.241
29538181,0.946,-0.185,-0.25,0.881,0.237
29548181,0.926,-0.189,-0.271,0.856,0.224
29558181,0.935,-0.192,-0.268,0.865,0.232
29568180,0.926,-0.192,-0.269,0.859,0.218
29578180,0.908,-0.194,-0.226,0.856,0.199
29588180,0.92,-0.195,-0.233,0.867,0.204
29598181,0.927,-0.192,-0.209,0.877,0.214
29608312,0.894,-0.191,-0.12,0.865,0.189
29618208,0.891,-0.193,-0.086,0.867,0.187
29628180,0.927,-0.189,-0.061,0.895,0.236
29638181,1.006,-0.171,-0.091,0.968,0.258
29648181,1.017,-0.146,-0.125,0.974,0.264
29658319,1.029,-0.123,-0.115,0.985,0.274
29668208,1.002,-0.106,-0.112,0.962,0.257
29678181,0.996,-0.095,-0.106,0.954,0.267
29688181,1.002,-0.087,-0.117,0.961,0.256
29698279,0.977,-0.081,-0.122,0.94,0.236
29708312,0.967,-0.08,-0.127,0.929,0.238
29718208,0.944,-0.083,-0.075,0.921,0.189
29728180,0.945,-0.086,-0.043,0.916,0.23
29738181,0.961,-0.086,-0.044,0.93,0.24
29748821,0.997,-0.08,-0.051,0.962,0.257
29758208,1.041,-0.065,-0.066,1.007,0.255
29768181,1.045,-0.048,-0.067,1.01,0.259
29778181,1.038,-0.035,-0.036,1.01,0.236
29788181,1.041,-0.025,0.022,1.022,0.198
29798181,1.052,-0.015,0.015,1.038,0.175
29808180,1.197,0.01,-0.016,1.191,0.117
29818180,1.428,0.072,-0.056,1.423,0.103
29828180,1.554,0.159,-0.05,1.548,0.118
29838180,1.761,0.263,-0.03,1.758,0.094
29848180,1.841,0.373,0.038,1.837,0.107
29858180,1.8,0.46,0.082,1.797,0.073
29868180,1.606,0.498,0.134,1.596,0.116
29878180,1.404,0.479,0.15,1.393,0.094
29888180,1.309,0.427,0.137,1.298,0.104
29898180,1.184,0.359,0.119,1.172,0.117
29908393,1.082,0.277,0.133,1.066,0.123
29918312,0.997,0.191,0.167,0.979,0.092
29928208,0.876,0.099,0.201,0.845,0.113
29938181,0.784,0.004,0.209,0.749,0.103
29948180,0.739,-0.086,0.205,0.704,0.093
29958180,0.709,-0.163,0.188,0.679,0.077
29968220,0.774,-0.218,0.159,0.757,0.019
29978180,0.847,-0.243,0.143,0.834,0.015
29988180,1.016,-0.234,0.087,1.012,0.017
29998181,1.151,-0.19,0.064,1.149,-0.018
30008181,1.208,-0.134,0.074,1.205,-0.043
30018328,1.253,-0.077,0.124,1.243,-0.098
30028208,1.272,-0.025,0.117,1.265,-0.063
30038180,1.275,0.017,0.099,1.268,-0.09
30048181,1.188,0.041,0.075,1.184,-0.062
30058221,1.099,0.039,0.002,1.099,-0.023
30068181,1.062,0.023,-0.024,1.062,-0.025
30078180,0.989,-0.002,-0.058,0.987,-0.001
30088181,0.981,-0.03,-0.083,0.976,0.043
30098180,0.996,-0.051,-0.083,0.991,0.048
30108526,1.007,-0.064,-0.086,1.001,0.063
30118592,0.995,-0.074,-0.072,0.992,0.027
30128158,0.965,-0.085,-0.063,0.962,0.01
30138226,0.918,-0.102,-0.029,0.917,-0.042
30148180,0.845,-0.128,0.043,0.839,-0.087
30158181,0.819,-0.158,0.044,0.815,-0.066
30168180,0.803,-0.185,-0.002,0.801,-0.062
30178180,0.821,-0.204,-0.087,0.816,-0.005
30188266,0.844,-0.213,-0.124,0.834,0.033
30198180,0.871,-0.212,-0.132,0.857,0.078
30208180,0.92,-0.201,-0.097,0.909,0.105
30218181,0.939,-0.184,-0.079,0.931,0.099
30228319,0.943,-0.166,-0.081,0.936,0.077
30238208,0.929,-0.152,-0.119,0.918,0.08
30248181,0.916,-0.143,-0.137,0.9,0.101
30258181,0.921,-0.136,-0.155,0.9,0.117
30268180,0.944,-0.126,-0.169,0.919,0.137
30278180,0.938,-0.116,-0.164,0.916,0.12
30288180,0.955,-0.106,-0.146,0.93,0.161
30298180,0.929,-0.098,-0.157,0.902,0.157
30308180,0.906,-0.096,-0.14,0.878,0.172
30318249,0.906,-0.097,-0.152,0.873,0.189
30328328,0.97,-0.09,-0.186,0.938,0.165
30338208,1.016,-0.071,-0.201,0.986,0.137
30348180,1.158,-0.035,-0.242,1.125,0.124
30358169,1.256,0.02,-0.259,1.22,0.146
30368180,1.363,0.086,-0.256,1.33,0.152
30378168,1.337,0.145,-0.215,1.306,0.192
30388180,1.282,0.181,-0.184,1.253,0.197
30398168,1.125,0.184,-0.158,1.087,0.24
30408180,1.028,0.156,-0.151,0.988,0.243
30418169,0.991,0.118,-0.173,0.949,0.23
30428328,0.983,0.082,-0.195,0.932,0.244
30438208,0.991,0.054,-0.229,0.938,0.225
30448181,0.991,0.033,-0.207,0.943,0.221
30458180,0.967,0.014,-0.188,0.923,0.217
30468180,0.939,-0.008,-0.145,0.897,0.235
30478180,0.93,-0.028,-0.144,0.886,0.242
30488180,0.916,-0.046,-0.147,0.873,0.237
30498181,0.908,-0.063,-0.169,0.864,0.22
30508181,0.913,-0.075,-0.178,0.868,0.221
30518241,0.935,-0.081,-0.219,0.88,0.228
30528312,1.001,-0.075,-0.234,0.95,0.209
30538208,1.038,-0.058,-0.248,0.989,0.195
30548180,1.085,-0.036,-0.242,1.042,0.185
30558180,1.101,-0.011,-0.209,1.065,0.183
30568180,1.079,0.008,-0.181,1.05,0.169
30578180,1.072,0.019,-0.148,1.045,0.183
30588180,1.059,0.026,-0.142,1.033,0.184
30598180,1.07,0.03,-0.13,1.042,0.207
30608180,1.099,0.038,-0.15,1.07,0.204
30618180,1.097,0.047,-0.146,1.065,0.217
30628320,1.084,0.052,-0.133,1.056,0.207
30638209,1.052,0.05,-0.121,1.023,0.215
30648181,1.022,0.041,-0.133,0.993,0.206
30658181,1.033,0.032,-0.155,0.999,0.214
30668180,1.027,0.025,-0.185,0.988,0.209
30678218,1.05,0.021,-0.203,1.007,0.215
30688180,1.025,0.018,-0.191,0.986,0.204
30698180,1.006,0.011,-0.195,0.964,0.213
30708180,0.972,-0.001,-0.183,0.935,0.19
30718180,0.962,-0.015,-0.201,0.92,0.197
30729442,0.973,-0.026,-0.226,0.932,0.168
30738212,1.008,-0.029,-0.226,0.967,0.169
30748180,1.025,-0.025,-0.215,0.989,0.162
30758180,1.042,-0.018,-0.22,1.007,0.149
30768180,1.053,-0.01,-0.207,1.02,0.161
30778181,1.06,-0.001,-0.197,1.03,0.153
30788212,1.056,0.006,-0.192,1.024,0.172
30798180,1.044,0.01,-0.172,1.009,0.204
30808180,1.026,0.009,-0.158,0.993,0.205
30818180,1.017,0.006,-0.141,0.981,0.226
30828267,1.0,0.0,-0.141,0.964,0.222
30838364,0.99,-0.007,-0.153,0.958,0.199
30848200,0.985,-0.015,-0.177,0.951,0.189
30858180,0.991,-0.02,-0.182,0.955,0.195
30868180,1.005,-0.022,-0.189,0.971,0.179
30878180,1.015,-0.021,-0.19,0.98,0.182
30888180,1.019,-0.018,-0.175,0.987,0.186
30898319,1.016,-0.015,-0.186,0.982,0.184
30908201,0.998,-0.016,-0.191,0.961,0.192
30918180,1.003,-0.017,-0.188,0.964,0.2
30928180,1.022,-0.016,-0.193,0.987,0.181
30938181,1.043,-0.01,-0.177,1.01,0.19
30948181,1.066,-0.0,-0.174,1.037,0.174
30958184,1.065,0.01,-0.162,1.037,0.183
30968180,1.053,0.016,-0.176,1.021,0.189
30978180,1.033,0.017,-0.173,0.999,0.196
30988180,1.002,0.012,-0.184,0.966,0.193
30998180,0.989,0.003,-0.183,0.955,0.182
31008180,0.989,-0.006,-0.164,0.96,0.17
31018180,1.004,-0.011,-0.182,0.974,0.161
31028180,1.024,-0.01,-0.189,0.991,0.176
31038328,1.02,-0.008,-0.185,0.984,0.191
31048201,1.011,-0.008,-0.179,0.979,0.177
31058180,1.005,-0.009,-0.172,0.971,0.197
31068180,0.999,-0.012,-0.177,0.97,0.165
